Addr,direct,limits
設置地址,拍攝方向,速限
介壽村47-10號前,順向(往介壽村方向),30
塘岐村168號前,順向(往機場方向),30
板里村46號前,順向(往白沙方向),30
西海路水頭路段,東西雙向,50
西海路金城消防分隊路段,南北雙向,50
西海路空中大學路段(空中大學附近),東西雙向,50
環島南路小西門路段,東西雙向,60
環島北路4段洋山路段(警光會館附近),東西雙向,60
高陽路蔡厝路段,東西雙向,60
環島南路環保公園路段(環保局附近),東西雙向,60
瓊徑路小徑路段(小徑茶室附近),南北雙向,50
環島南路后園路段(168加油站附近),東西雙向,50
太湖路鑑潭山莊路段(鑑潭山莊附近),東西雙向,50
黃海路監理站路段,南北雙向,50
金港路料羅路段,南北雙向,50
慈湖路湖下路段,南北雙向,50
環島北路鎮西路段,東西雙向,60
環島南路后湖路段,東西雙向,60
桃園路金寧加油站路段(金寧加油站附近),東西雙向,60
環島北路頂堡路段(環北頂林路口附近),東西雙向,60
伯玉路盤果路口,東往西向,70
環島南路中心教練場路段(中心教練場附近),東西雙向,60
桃園路雙乳山路段,東西雙向,60
環島北路后盤山路段,東西雙向,60
黃海路陽明湖路段(陽明營區附近),南北雙向,60
台9線78k中山路五段南下,南北雙向,60
中山路1段560號前北上,南北雙向,60
宜16線5.5K南津路東向,東西雙向,50
台9線79k+550m環市東路與192甲線路口北上,南向北,70
台9線80k+700m環市東路黎霧橋南端南下,北向南,70
台9線81k+595m環市東路北上,南向北,70
台7線123k+900m東港段東向,東西雙向,60
191線與宜14線路口北上,南向北,60
公正路324號東西雙向,東向西,40
台7丙線28k+98ｍ中山路東向,東西雙向,60
台9線100k+224m新城段北上,南北雙向,60
台9線117k+772m新澳隧道北上,南向北,40
台9線102k+200m聖湖段南下,南北雙向,60
台9線109k+240m東澳隧道南下,北向南,70
台9線103k+562m南下,南北雙向,50
蘇澳鎮台9線108k+269m至南澳鄉台9線110k+995m東澳隧道南下-1,北向南,70
台2線164k+390m港邊段南下,南北雙向,70
台2線166k+259m蘇澳港段南下,南北雙向,60
台2戊線12k+215m移山路北上,南北雙向,60
台9線56k+600m至68k+600m北往南-1,南北雙向,40
台9線68k+600m至56k+600m南往北-2,南北雙向,40
台9線69ｋ+20ｍ北宜路一段南下,南北雙向,60
台9線68.6K北宜路一段南下,南北雙向,40
台9線56k+600m至68k+600m北往南-2,南北雙向,40
台9線68k+600m至56k+600m南往北-1,南北雙向,40
宜3線3k+850m宜三路南下,南北雙向,50
191甲線2ｋ+50ｍ中崙段南下,南北雙向,60
台2線139k+738ｍ竹安段南下,南北雙向,60
台2線133k+769ｍ港口段南下,南北雙向,60
台2線131k+121m外澳段南下,南北雙向,50
台2線129k+309m梗枋國小南下,南北雙向,50
台2線128k+754m梗枋段南下,南北雙向,60
台2線128k+65m梗枋地磅站北上,南北雙向,60
台2線123ｋ+642ｍ大溪段北上,南北雙向,50
台2線122k+634ｍ大溪段南下,北向南,60
台2線118k+49m大里段南下,南北雙向,50
191線4K瑪僯段北上,南向北,60
份尾三路北上(份尾橋南側100公尺處),南北雙向,50
191甲線6ｋ+600ｍ玉田段北上,南北雙向,60
宜4線4k+280m大塭段東向,東西雙向,50
191線與雪隧路口南下,北向南,60
宜16線7k+500ｍ新南段西向,東西雙向,50
宜16線9ｋ+500ｍ美福段東向,東西雙向,50
宜20線1ｋ+150m新南段西向,東西雙向,60
台2線147ｋ+40ｍ過嶺國小南下,南北雙向,60
台2線148k+400m後埤段北上,南北雙向,60
台2線142k+480ｍ大福段北上,南北雙向,60
台2線150ｋ+199m公館段南下,南北雙向,60
台7線113k+357ｍ內城段東向,東西雙向,60
宜18-2線9ｋ深溝段西向,東西雙向,60
台7線115k+865m八甲段西向,東西雙向,60
宜61線900ｍ深溝段南下,南北雙向,60
宜61線1ｋ+200ｍ深溝段北上,南北雙向,60
宜18-2線溪洲路346號東向,東西雙向,50
宜18-2線溪洲路150號西向,東西雙向,50
台9線94k+450ｍ冬山段南下,北向南,60
宜22線1k+500ｍ二結段東向,東西雙向,60
191線與宜24線路口南下,北向南,60
191線與196線路口北上,南向北,60
191線與傳藝路口南下,北向南,60
台7丙線29K+743M親河路西向,東西雙向,60
宜22線6ｋ錦草段西向,東西雙向,60
台2線157k+200m利澤段北上,南向北,60
196線3ｋ+800ｍ萬富段東向,東西雙向,60
台7丙線18ｋ+342ｍ大隱段東向,東西雙向,60
台7丙線19ｋ+865m大隱段西向,東西雙向,60
196線7ｋ+900ｍ大埔段西向,東西雙向,60
宜61線3ｋ+600ｍ大洲段南下,北向南,60
宜61線3ｋ+800ｍ大洲段北上,南北雙向,60
196線11ｋ大洲段東向,東西雙向,50
台9線137K+295m至141K+458m谷風隧道南下-2,北向南,70
台9線141K+420m至137K+205m谷風隧道北上-2,南向北,70
台9線139k+667m谷風隧道北上,南向北,70
台9線138k+677m谷風隧道南下,北向南,70
台9線129k+404m至131k+860m觀音隧道南下,北向南,70
台9線137K+295m至141K+458m谷風隧道南下-1,北向南,70
台9線141K+420m至137K+205m谷風隧道北上-1,南向北,70
台9線130k+347m觀音隧道北上,南向北,70
台9線134k+538m至136k+883m觀音隧道南下,北向南,70
台9線136k+912m至134k+405m觀音隧道北上,南向北,70
台9線130k+492m觀音隧道南下,北向南,70
台9線135K+910m觀音隧道南下,北向南,70
台9線135K+841m觀音隧道北上,南向北,70
台9線131K+860m至134K+538m觀音隧道南下,北向南,70
台9線134k+405m至131k+849m觀音隧道北上,南向北,70
台9線133k+289m觀音隧道南下,北向南,70
台9線131K+849m至129K+360m觀音隧道北上,南向北,70
台9線133k+174m觀音隧道北上,南向北,70
台9線123ｋ+570ｍ南澳段北上,南北雙向,50
蘇澳鎮台9線108k+269m至南澳鄉台9線110k+995m東澳隧道南下-2,北向南,70
南澳鄉台9線110k+960m至蘇澳鎮台9線108k+224m東澳隧道北上-1,南向北,70
台9線110k+300m東澳隧道北上,南向北,70
南澳鄉台9線110k+960m至蘇澳鎮台9線108k+224m東澳隧道北上-2,南向北,70
竹北市西濱路一段與西濱路二段 265 巷口,往北,70
中正西路118線3km+500處,東西雙向,50
中華路1432號前(台1線65.5公里)南向,南北雙向,60
西濱公路與埔和路口(台15線64.4公里)南向,北向南,60
竹北市台1線中華路佑順加油站前,南往北,50
台一線大眉南下路口,北往南,50
中華路212號前(台1線70.1公里),南向北,50
中華路1138號前,南向北,50
竹北市興隆路與莊敬南路口(新竹地方法院前),西往東,50
竹北市自強北路與十興路口,北往南,50
竹北市光明六路東二段與嘉豐南路一段口,西往東,50
東興路二段316號前(120線7.1公里)雙向,東西雙向,60
台三線北上91.2公里,南北雙向,60
峨嵋鄉89.4公里,往南,60
中興路四段372號前(122線14公里)西向,東向西,50
台68線12.55公里(快速道路)西向,東向西,90
竹東鎮公道路616號前,西往東,50
台68線12.85公里(快速道路)東向,西向東,90
中盛村路口(台3線86.5公里)南向,南北雙向,60
台3線中豐路老爺山莊路口,南向北,50
竹122線18KM+160(中興路一段94-2號),東西雙向,50
竹東鎮台68線竹東匝道口與北興路三段,北往南,50
新埔鎮文山里竹118線12K處,西往東,50
文山路亞東段369號西向,東向西,60
新關路1046巷口東向,西往東,60
石光里702號前(118線19.1公里)西向,東往西,60
竹118線22.7K,東往西,50
南新里新城9鄰1號(台3線62公里)北向,南往北,50
190號東光陸橋(台3線60.6公里)南向,北向南,50
關西鎮台3線59km,南往北,50
關西鎮中豐公路牛欄河6鄰63號,南向北,60
新豐鄉新興路與康樂路口,往南,50
湖口鄉台1線新興路與中華路口65.5公里北上,往北,60
湖口鄉成功路與三元路路口,西往東,60
八德路一段35號前(台1線61公里)南向,北向南,70
台1線中山路口南向,北向南,70
台1線54KM+900處,南北雙向,70
新豐鄉新興路與康樂路口,北往南,50
台15線62公里南向,北向南,60
芎林鄉富林路一段竹120線15.5K處,西往東,60
富林路三段、文德路口(120線10.4公里)東向,東向西,60
富林路二段竹林交流道(120線11.5公里)西向,東向西,60
橫山鄉中豐路二段12巷口(台3線),西往東,60
中豐路一段、站前街口(台3線72.9公里)南向,南北雙向,60
寶山鄉寶山路二段竹83線0km+800,南往北,50
雙林路一般竹47-1線4km處,南向北,50
雙園路2段(竹82線1公里)南向,北向南,50
竹83線4km+150,西往東,50
台13線35.2公里處,南向北,60
新川里柑園5號前處,東向西,60
台13線30.3公里處(苗商後方),南北雙向,50
台13線31.1公里處(信義街口),南向北,50
英才路與文發路 口,東向西,50
中正路905號前公車停靠區及禁臨停區,南北雙向,50
台6線(經國路)14.5公里處,東西雙向,70
台1線140.8公里處(臨海路口),北向南,60
苑北里中山路與成功路口處,北向南,50
140線與苗47之1線口處,西向東,50
140線與121線口處,東向西,60
140線8.1公里處,西向東,60
台1線137.2公里處(五福國小陸橋下),南向北,60
台61線北向122.6公里至115.6公里,南向北,90
台61線南向122.2公里至130.2公里,北向南,90
台1線134.7公里與121線口處,北向南,60
128線2.4公里處,東向西,60
台1線124.8公里處(啟新國中前),南向北,60
台61線114.3公里處,南向北,90
台1線124.1公里處(拱天宮前),北向南,60
台61線90.4公里與苗3-3線路口處,北向南,80
台1己線1.3公里與明勝路口處,東向西,60
台61線91公里快(側)車道與博愛街口處,南向北,40
台61線88.15公里處,南北雙向,80
台1己線3公里處,西向東,60
環市路與公教路口處（清寧橋前）,東向西,60
竹南火車站前後圓環,東西南北,30
台13線永貞路與公園路口處,北向南,60
永貞路與勝利街口處,北向南,60
台13線2.5公里與友義路口處,南向北,60
台1線與苗2線口處(科學路口),南向北,70
台1線與苗10線口處,北向南,70
台1線98.3公里處,南向北,70
台13線12.1公里處（尖山國小前）,南向北,60
中華路440號處,南向北,60
台1線95.2公里處(紡安紡織公司口),南向北,60
中央路(頭份國中前),東西雙向,50
台1線91.6公里與科東二路口處,北向南,60
中華路與自強路口,北向南,60
正興路與水源路口處,北向南,60
124甲線與中華路口,東向西,50
124甲線1公里東向與土牛社區路口處,西向東,50
124甲線1公里西向與土牛社區路口處,東向西,50
中正一路與124甲線路口,東向西,50
124線8.45公里處,東向西,50
124線9.8公里處,西向東,50
124線10.75公里處,東向西,50
台61線與苗11線口處,南向北,80
台6線3.7公里處(後龍交流道附近),西向東,60
台1線與成功路口處,南向北,60
台61線97.55公里處,南北雙向,80
台13甲線12.4公里處,北向南,60
台3線142.2公里處,南向北,60
台3線146.8公里處（豐田國小旁）,北向南,60
台3線141公里處,北向南,60
台3線137.2公里,南向北,60
台3線與苗55線口處(南湖國小前),南向北,60
台3線131.6公里處,南向北,60
台3線與中原路口處,南向北,60
台72線24公里處,東西雙向,80
119甲線(沿山道)3.4公里處,北向南,60
台13線與苗38－1線口處（外環道與九湖橋頭）,北向南,60
台13線與128線口處,北向南,60
128線與苗27線口處,北向南,60
台72線與119甲線口處,東向西,80
台3線與苗20線口處,南向北,60
台13線24.2公里處,北向南,50
140線15.3公里處,東西向,50
140線16.2公里至23.1公里至25.1公里,東西雙向,50
台13線52.4公里處(龍騰派出所前),北向南,60
140線20.2公里處,東西雙向,50
台13甲線北向11公里至9.8公里,北向,50
台1線102.8公里處（育達科技大學前）,南向北,70
台13甲線10.1公里處,南北雙向,50
台13甲線南向9.8公里至11公里,南向,50
台13甲線北向9.5公里至8.3公里,北向,60
台1線與苗9線口處（談文派出所前）,南向北,70
台13甲線南向8.3公里至9.5公里,南向,60
台3線102.8公里處,南北雙向,60
台3線101.5公里處(大河老街口),南向北,60
台3線103.2公里至108公里,南北雙向,60
台3線104.9公里處,南向北,60
台3線95.5公里處,南向北,60
台3線108公里處,南、北雙向,60
台3線114.3公里至122.8公里,南北雙向,60
台3線120.9公里處,北向南,60
台3線115.4公里處,南向北,60
台3線111.8公里處,北向南,60
台3線113.5公里處,北向南,60
台3線113.1公里處(獅潭國中旁),北向南,60
彰化市新平路與環和路口(省道),路口科技執法,60
金馬、忠誠路口,南向,70
彰化市中華路與中正路2段路口(省道),路口科技執法,40
彰化市金馬路2段與彰新路1段口,南向,70
建國北路,北向,50
中興路與介壽橋口,西向,50
中山、中正路口,北向,50
金馬路一段、泰和路二段415巷口,北向,70
彰化市金馬東路與金馬東路317巷口,南向,70
台1線186.95公里,北向,70
彰化市彰興路1段與聖安路口,北向,70
彰化市縣139線7.7公里處,南北雙向,40
台74甲線3.4公里(機慢車道速限40),南向,70
台74甲線2.2公里(機慢車道速限40),南北雙向,70
台14線、福興路口,東向,70
鹿港鎮彰濱五路2段與臨海路3段,西向,70
台61線168.1到177公里(快速道路區間測速)(20公噸以上大貨車速限80),北向,90
台17線31.3公里(長安宮前),南北雙向,70
鹿港鎮鹿和路2段507號前,東西雙向,60
和美鎮和港路與西興路、北明路口,北向,60
和美鎮道周路與鹿和路6段路口,路口科技執法,60
和美鎮台61乙與彰新路6段路口,東西雙向,60
和美鎮彰新路5段與嘉卿路口,路口科技執法,60
和美鎮濱海路與工一路口,路口科技執法,50
和美鎮線東路2段567號（萬生菇寮旁）,南北雙向,60
彰美、中興路口,西向,60
線東路五段291號南側170公尺處,南北雙向,60
台61線170.11公里(快速道路)(20公噸以上大貨車速限80),南向,90
伸港鄉中興路3段與興工路口,南北雙向,60
伸港鄉濱海路與工五路口,東西雙向,50
福興鄉沿海路與麥厝街口,北向,70
福興鄉臨海路(台17線)與福正路口,南北雙向,70
沿海路、龍舟路路口,西向,50
福興鄉縣道144線與南環路口,南向,70
福興鄉彰鹿路6段與彰鹿路6段314巷路口,西向,60
番花路1段885號前(縣道),由西往東,60
台19線、番花路口,南向,60
彰鹿路、民意街口,東西雙向,60
秀水鄉環河南路2段與雅興街路口,東西雙向,50
彰水路1段台19線、安鶴路口,北向,60
台1線194.496K(省道),南向,70
台1線198.4公里,南北雙向,70
中山路1段95號(福安宮前),北向,70
台74甲線與彰員路口(機慢車道速限40),南北雙向,70
花壇鄉台74甲線與灣福路口(機慢車道速限40),南北雙向,70
彰化縣縣道139線8.537K處,南北雙向,40
芬園鄉大彰路與縣安路口,東向,50
彰南路5段與環中路9段路口(省道),由南往北,70
員林市員埔路與三潭巷路口,東西雙向,60
員林市中山路1段與柳橋路2段口,南向,60
莒光路、員鹿路路口,南向,60
員林市中山路2段與員林大道5段口,東向,50
員林市萬年路3段與靜修路口,北向,50
員林大道(30米外環道)、員集路口,西向,50
員林市東彰路與員集路口,東西雙向,70
溪湖鎮彰水路3段與信善街口,南向,50
溪湖鎮彰水路台19線、海豐路口,南向,70
溪湖鎮員鹿路2段與忠溪路口,東西雙向,60
田中鎮斗中路與東彰南路4段(彰95高鐵站連接道路)路口,西向,60
縣141線13.3公里南下,南向,60
田中鎮員集路1段與大安路1段路口,南北雙向,50
田中鎮東閔路2段與中南路3段路口,南北雙向,60
台1線201.4公里,南北雙向,70
大村鄉中山路與美港路口,北向,60
大村鄉山腳路與學府路口,南北雙向,40
埔鹽鄉員鹿路3段與大新路口(彰39鄉道),東西雙向,50
埔鹽鄉彰水路二段與中山路口,南北雙向,60
埔心鄉員鹿路5段與羅厝路口,東西雙向,60
埔心鄉柳橋東路與瑤鳳路2段416巷口,西向,50
埔心鄉中正路1段與武聖路口,東西雙向,60
埔心鄉員林大道(30米外環道)與員鹿路路口,南向,50
永靖鄉中山路1段與中山路1段 351巷路口,南向,70
永靖鄉東彰路7段與湳底路口,往南,70
社頭鄉員集路(縣141線)與崙饒口,南北雙向,50
社頭鄉 中山路與和平三路口,南北雙向,60
縣141線6.6公里北上,北向,60
縣152線與二水鄉外環道(外環道路口),南向,50
二水鄉縣141線21.594公里(二水鄉南通路二段398號對面),南向,60
斗苑路2段、斗苑路2段307巷口,東西雙向,60
二林鎮二城路6號前,路口科技執法,50
二林鎮斗苑路4段與太平路1段口,路口科技執法,50
二林鎮太平路與修心路口(縣道),由西往東,60
台1線214.6公里南下,南向,50
台1線214公里北上,北向,70
田尾鄉中山路2段與公園東路口,南向,70
埤頭鄉縣152線16.5公里,東西雙向,60
彰水路、庄子路口,北向,70
埤頭鄉東環路與庄子路282巷路口,南向,70
台19線25.3公里北上東外環,北向,70
埤頭鄉斗苑東路與中南路口,西向,60
台17線與新上路口,南向,70
芳苑鄉斗苑路頂後段與路平路口,東西雙向,60
台17線、中正路口,北向,70
芳苑鄉功湖北路1段與草漢路草1段口,西向,60
竹塘鄉中央路二段大湖路口,南向,70
溪州鄉中山路1段與彰水路1段口,南北雙向,50
台1線219.7公里(溪洲外環道),北向,70
台1線218.4公里處(溪州鄉中山路4段287號),南北雙向,70
139線35.95公里處,北向南,50
南投市139丙線0.5公里處,南北雙向,50
南投市南崗三路及成功三路口,南北雙向,60
華陽路850號前,南北雙向,60
南投市南崗一路與民族路口,南北雙向,60
東閔路1.35公里,南北雙向,60
臺3線215.5公里,南北雙向,60
南投市臺14乙線及南陽路口,南北雙向,50
名間鄉臺16線及臺3線路口,東西雙向,60
臺21線49.9公里,南向北,60
埔里鎮中山路三段、鐵山路、大城路及蘭陽街口,東北雙向,50
埔里鎮信義路、中山路三段與南安路口闖紅燈、未依標線指示行駛及測速,東西雙向,50
埔里鎮中山路三段與大城路口,東西雙向,40
埔里鎮和平東路與中正路口闖紅燈、違規停(臨)車、未依標線指示行駛、測速,東西雙向,50
埔里鎮中山路一段及信義路口,東西雙向,50
臺14乙線5.9公里,南北雙向,70
草屯鎮新豐路、博愛路及仁愛街口,東西雙向,60
臺63甲線1.2公里,南北雙向,60
草屯鎮成功路、草溪路及中興路口,南北雙向,60
草屯鎮成功路及博愛路口,西南雙向,60
草屯鎮臺3甲、太平路及中興路口,東西雙向,50
草屯鎮中正路與博愛路口,東西雙向,60
草屯鎮富林路一段579號,東西雙向,40
草屯鎮中正路與大覺路口,南北雙向,60
臺14線富功國小前,東向西,50
東草屯交流道永安路1.8公里闖紅燈、未依標線指示行駛及測速,南北雙向,50
大明路與前山路口闖紅燈及未依標線指示行駛,南向北,60
大明路與枋坪巷口(克明宮前),東西雙向,60
竹山鎮集山路三段與大智路口,東西雙向,60
社寮產業運輸道路2.15公里處,南北雙向,40
臺3線227.7公里,南北雙向,60
社寮產業運輸道路4.5公里處,南北雙向,40
臺16線2.37公里,東西雙向,70
臺16線4.8公里闖紅燈、未依標線指示行駛及測速,東向西,70
臺16線與集鹿路口,東西雙向,70
彰南路與名松路一段路口,南北雙向,60
鹿谷鄉151線10.07公里處,南北雙向,50
中寮鄉139線47.5公里處,東西雙向,50
魚池鄉臺21線53.9K至51.1K(區間測速),南北雙向,60
國姓鄉臺14線40.1公里處,南北雙向,70
水里鄉臺16線27.5公里,南北,30
臺21線93.1公里處(臺21線與敦福路口),南向北,50
仁愛鄉臺14線70.7公里處,東西雙向,50
臺14甲線7.95公里處,北向南,30
臺61線南下218k+250m至226k+250m(區間平均速率自動偵測照相系統路段),南下,90
台1丁線公路與久安路口,西向東,70
 莿桐鄉臺 1 丁線中正路與農校路 口(莿桐國中旁),北向南,60
斗六市西平路與正心路口,北向南,50
斗六市明德路與公明路路口,東向西,50
大學路與雲林科技大學前路口,西向東,60
斗六市大學路與中山路路口,西向東,60
斗六市大學路與鎮南路路口,西向東,60
斗六市鎮北路與明德北路,東西雙向,60
台3線公路252k+65m處,南向北,60
斗六市明德北路與育英北街路口,東向西,60
154乙縣道13k+200m處(環科大前),南北雙向,60
斗六市台3線公路與成功路口,南向北,70
斗六市雲科路一段與科班路路口(158縣道43.7K),西向東,50
台3線公路248k+970m處,南向北,60
台78線快速公路29k+400m處(西向東),西向東,100
台78線快速公路29k+400m處(東向西),東向西,100
斗南鎮延平路與大同路路口,南向北,50
斗南鎮延平路與大業路路口,南向北,60
斗南鎮延平路與光華路路口,北向南,60
台1線公路與文昌路口(南向北),南向北,60
台1線公路與文昌路口(北向南),北向南,60
斗南鎮台1丁線12k+800m(新光陸橋-斗南往斗六),西向東,60
斗南鎮新生二路東明橋北端,南向北,50
斗南鎮台1丁線12k+700m(新光陸橋東側-斗六往斗南),東向西,60
台19線56k+190m(信吉加油站旁),南北雙向,70
虎尾鎮 158 縣道與雲 97 鄉道路口 (21k+630m 處),東向西,70
科虎三路18號(元翎科技公司),北往南,60
虎尾鎮文科路與廉使路路口,西向東,60
虎尾鎮工專路與四維街口,南北雙向,50
虎尾鎮林森路一段與公安路口,北向南,50
158縣道與博愛路口,西向東,60
158縣道與林森路一段路口,東向西,60
虎尾鎮文科路與光復路路口,西向東,60
145乙縣道與雲71線路口前(東向西),東向西,60
台1線公路與雲74線路口(惠來派出所前),南北雙向,70
西螺鎮 145 縣道 16k+650m 處,南北雙向,50
154甲縣道1k處(高鐵橋下),東西雙向,60
145縣道與福來路20巷路口(12.6k處-北向),南向北,60
西螺鎮中山路與公正路(西螺轉運站),東西雙向,50
西螺鎮大同路與興農東(西)路口,東西雙向,50
台1線公路與振興路口(北向南),北向南,50
台1線公路與振興路口(南向北),南向北,50
158縣道18k處,西向東,70
土庫鎮 145 縣道 32 公里處,南北雙向,60
145縣道29k處(土庫外環道),南北雙向,60
土庫鎮建國路與林森路路口,南向北,50
北港鎮台 19 線與民生路口 (北港國中旁),東西雙向,50
台19線公路與145線道路口,北向南,50
北港鎮僑美國小(臺 19 線華勝路),南北雙向,50
北港鎮145縣道40k+750m處,南北雙向,60
大埤鄉157線公路2k+130m,南北雙向,60
台1線公路247k+500m處(豐田段),南向北,70
台1線公路246k+400m處(豐田段),北向南,70
台1線公路235k+592m處,南北雙向,60
莿桐鄉臺 1 線與中正路口,南向北,60
台1線公路與中正路口,北向南,60
156縣道與莿桐外環道(孩沙里)路口,北向南,60
台1丁線公路與農校路口,北向南,60
台3線公路238k+268m處,南向北,60
二崙鄉台19線公路40km+200m,南北雙向,60
二崙鄉裕民路,南北雙向,50
崙背鄉156縣道7k+700m,東西雙向,60
工業路與雲3號路口(西向東),西向東,60
工業路與4k+500m處路口,西向東,70
麥寮鄉台17線公路與工業路口,西向東,70
台17線公路與工業路口,南向北,60
台17線公路與154縣道路口(橋頭),北向南,60
雲113公路湖東橋前路段,東向西,60
新坤路與158甲縣道路口,北向南,60
東勢鄉 153 縣道安南與昌南路口 (4k+700m 處),南向北,60
153縣道1k處,北向南,60
東勢鄉153縣道與158甲縣道路口,北向南,60
153線與158甲線縣道路口,南向北,60
153縣道嘉勝路與守密街路口(南向),北向南,50
台78線快速公路13k處(西向東),西向東,100
台78線快速公路13k處(東向西),東向西,100
台19線公路53k+500m處,南北雙向,70
155縣道民權路47-8號前,北向南,50
155縣道4k+800m處,南北雙向,60
臺西鄉台61線快速道路226K+850m,北向,90
元長鄉台19線64k+450m,南北雙向,60
元長鄉臺 19 線與雲 168 線路口,南北雙向,60
元長鄉縣道 145 線與雲 172 線 路口(客厝國小旁),南北雙向,50
160縣道20k+947m處(子茂段),東西雙向,60
155線四湖國中前,北向南,60
四湖鄉 160 縣道 12k+600m 處,東西雙向,60
口湖鄉台61線快速道路246K+100m,南向,90
台17線公路97k+842m處,南北雙向,70
雲 156 縣道 1k+700m (水林鄉 51-2 號),東西雙向,50
台18線1.5K(往西),由東向西,70
太保市159線與嘉64線路口,雙向,50
朴子市光復新路與台19線路口,雙向,50
朴子市168線與157線路口,由西往東,50
朴子市168線與朴子七路路口,雙向,50
大林鎮台1線與中山路口,雙向,50
大林鎮162線10.953K,雙向,60
民雄鄉164線與嘉81路口,雙向,60
民雄鄉台1線258K與東榮路口,由南往北,50
民雄鄉台1線與164線路口,雙向,50
民雄鄉台1線255.5K(鎮北段),雙向,70
民雄鄉台1線與中山路工業一路口,北向南,50
民雄鄉大學路一段與正大路一段路口,雙向,50
民雄鄉166線與嘉109線路口,雙向,50
159線新港鄉南壇斷水月橋,東向西,60
159線南壇段水月橋,雙向,60
新港鄉159線與166線路口,南向北,60
六腳鄉157線29.8K(蒜頭大橋),雙向,50
台19線73.1K(六美國小),雙向,50
台61線東石鄉264.336K處(往北),往北,90
台61線東石鄉257.31K處(往南),往南,90
台82線4.65K,雙向,70
東石鄉157線與嘉7線路口,雙向,50
鹿草鄉163線21.65K,雙向,50
水上鄉台1線277.51K(南靖段),雙向,70
水上鄉台1線275.3K龍德路口,由北往南,50
水上鄉台1線與168線路口,雙向,50
中埔鄉忠義路與大義路口,雙向,50
番路鄉台18線30.02K日安社區路口,由東往西,60
中埔鄉台3線305.8K,雙向,40
台3線272.2K(大南國小),雙向,60
曾文水庫道路9.8k,西向,40
堤防路段南北雙向,南北雙向,60
189線10.1K大溪路口南下,北向南,70
高屏大橋屏東端南北雙向,南北雙向,70
台1線建國路與和生路口,南向,70
屏東市機場北路500號前,雙向,40
屏東市屏42線4.6K機場北路段,南北雙向,40
台27線62.1K公館外環道南北雙向,南北雙向,60
台27線59.73K復興南路與公成路南北雙向,南北雙向,70
屏東市逢甲路與復興路口,北向,50
屏東市復興北路與逢甲路口,南向,50
屏東市中正路與勝利路口,北向,50
屏東市中正路與勝利路口,南向,50
台3線429.8K忠孝路段南北雙向,南北雙向,70
屏東市和生路一段與工業六路口南下,北向南,60
屏東市台3線428.15K處,雙向,70
屏東市台3線428.15K處,雙向,70
台3線428.8K海豐果菜市場附近南北雙向,南北雙向,70
屏東市民生路與瑞民路口,雙向,50
屏東市民生東路與安心四橫巷口,南往北,50
屏東市民生東路與安心四橫巷口,南向北,50
屏東市屏17線10K,南北雙向,60
台一線417.5K潮州段南北雙向,南北雙向,70
屏85線與屏83線路口南下,北向南,60
台一線415K南北雙向,南北雙向,70
潮州鎮185甲線15.62K處,雙向,60
大鵬灣環灣道路3K南北雙向處,南北雙向處,40
中正路三段與新厝路,東向西,60
台17線258.5K東港大鵬灣段南北雙向,南北雙向,70
大鵬灣環灣道路12K處南北雙向,南北雙向,40
台26線20K省北路二段南北雙向,南北雙向,70
台26線22.9K南北雙向,北向南,60
台26線28.8公里處南北雙向,南北雙向,70
台26線28K核三廠前北上,南向北,70
台26線31.11K南灣段,南北雙向,60
萬丹鄉188線16.65K萬順路一段東西雙向,東西雙向,50
萬丹鄉西環路與和平西路口,北向南,50
台27線65.6K丹榮路段南北雙向,南北雙向,70
萬丹鄉187甲線14.67K大學路段南北雙向,南北雙向,50
屏21線神農西路段南北雙向,南北雙向,50
屏21線農科路與神農西路口,北向南,60
屏26線神農德華路口東西雙向,東西雙向,50
台24線7.98K長治鄉中興路段東西雙向,東西雙向,60
麟洛鄉中山路與民權路口,南下,50
台3線427.4K九如機場西側外環道南下,北向南,60
台3線426.3K九如玉水路段南北雙向,南北雙向,70
台三線423.66K九如林森路口南下,北向南,50
台3線里港鄉420.5K處南北雙向,南北雙向,50
里港鄉台3線418.9K鐵店路口南下,北向南,50
里港鄉台3線415.7K北向,南往北,50
里港鄉台3線415.7K南向,北往南,60
台3線414.7K土庫段南北雙向,南北雙向,50
台27線45K鹽埔彭厝路段南北雙向,南北雙向,60
台24線14.87K東西雙向,東西雙向,70
高樹鄉185線0.95K處,南北雙向,50
萬巒鄉185線39.43K處,雙向,60
台一線405.4K內埔豐田段南北雙向,南北雙向,70
台1線408.7公里學人路段,北向南,50
台1線408.7公里學人路段,南向北,50
內埔屏光路與復興路口,北向南,70
屏東縣187丙線17.4K科大路南北雙向,南北雙向,60
189線20.1K大湖橋北上,南向北,70
台88線20.6K快速道路南下,北向南,90
台88線20.6K快速道路北上,南向北,90
台一線410.97K水源路段南北雙向,南北雙向,70
新埤鄉189線31.85K北向,北向,50
新埤鄉189線31.85K南向,南向,60
新埤鄉屏112線2.58K處,雙向,50
新埤鄉185線50.56K處,雙向,50
新埤鄉185線56.9K處,雙向,60
台一線435.6k南北雙向,北向南,70
枋寮鄉185線62.62K處,雙向,60
台17線253.5K與學仁路口北上,南向北,70
台17線東港大橋端,南向北,50
台27線74.3K興安段北向,南向北,60
台27線74.3K興安段南向,北向南,70
台27線71.1K仙公廟南北雙向,南北雙向,60
崁頂鄉187線32K南北雙向,南北雙向,50
屏75線3.8K與崁頂南二高平面道路路口南下,北向南,50
屏75線3.9K與崁頂南二高平面道路路口北上,南向北,50
南州鄉187乙線19.66K處,雙向,60
187乙線南州鄉勝利路段,西向東,50
台一線428.9k南北雙向,南向北,70
台1線429.5K-433K戰備跑道南向(區間測速),南向,70
佳和路與佳農路口,南向北,60
台一線431.07K戰備道南北雙向,南北雙向,70
台1線433K-429.5K戰備跑道北向(區間測速),北向,70
台26線16.5K車城分駐所前南下,北向南,50
滿州鄉屏200線8.2K處,雙向,60
台一線444.29K,南北雙向,70
台一線460.2K楓港段南北雙向,南北雙向,70
台26線3.7k南北雙向,北向南,70
台26線7.87K,北向,50
台26線7.87K,南向,50
185線32.13K佳義路段南北雙向,南北雙向,50
台一線447.89K內獅段南北雙向,南北雙向,70
台26線尖山段13.7K-8.5K北向(區間測速),北向,70
台26線尖山段8.4K-13.2K南向(區間測速),南向,70
台9線446.4K丹路外環道,雙向,40
台9線468.1K丹路段,東向西,40
台9線草埔國小前,南北雙向,40
獅子鄉台9線460.1K草埔橋口,北向,40
台9線草埔森永隧道437.2-434.3K北向(區間測速),北向,70
獅子鄉台9線436.53K草埔隧道南向,南向,70
獅子鄉台9線436.58K草埔隧道北向,北向,70
台9線草埔森永隧道434.4K-437.2 K南向(區間測速),南向,70
臺9線373.73K(建和國小前),南北雙向,60
臺9線369.95K(蘇巴陽段),南北雙向,70
臺11線176K(知本派出所前),南北雙向兼闖紅燈,70
臺11線174.05K(知本開發隊),南北雙向,50
臺9線365.23K(體育中學前),南北雙向,60
臺11線172K(大學路口),雙向兼闖紅燈,60
臺9線353.21K(綠色隧道北端),南北雙向,60
臺9線362.65K(中興陸橋南端),南北雙向,60
臺11線170.1K(豐源大橋),南北雙向,70
臺9線354.63K(十股段),南北雙向,60
東49-1線與臺東市更生北路633巷路口(南王橋),南北雙向,50
臺11線168K(台糖加油站北方),南北雙向,70
中興路2段138巷與水防道路岔口處(太平溪右岸光明社區),雙向測速,30
馬亨亨大道(貓山段),東向西,60
臺11線158.884K(富岡段),南北雙向,70
臺11線129.61至126.13K(小馬),雙向區間測速,60
臺11線126.13K至129.61(小馬),雙向區間測速,60
臺11線123.75K(都歷段),南北雙向,50
臺11線114K(大同路與漢口街口),雙向測速兼北上闖紅燈,50
臺11線112.4K(芝田段),南北雙向,50
臺11線106.95K(美山段),南北雙向,50
臺9線324.5K（瑞豐所前）,南北雙向,60
臺9線321.17K（月眉）,南北雙向,60
臺9線315.82K（米國學校）,南北雙向,60
臺9乙線7.4k(利嘉段),南北雙向,40
臺9線350.73k(美濃段),南北雙向,60
臺9線352.33K(賓朗段),南北雙向,60
臺11線152.58K(莿桐段),南北雙向,60
臺9線340.89K（鹿鳴橋北端）,南北雙向,60
臺9線340.37K（四維段）,南北雙向,60
臺9線333.85K(鹿野),南北雙向,50
臺9線330.89K（永隆段）,南北雙向,60
臺9線309.21K(新興段),南北雙向,60
臺9線307.55K(池上),南北雙向,50
臺11線141.7K(興隆國小前),南北雙向,50
臺11線137.48K(隆昌段),南北雙向,50
臺30線27.7K(玉長公路),東西雙向,50
臺11線97.15K(烏石鼻),南北雙向,60
臺11線94.42K（八桑安）,南北雙向,50
臺11線90.95K(竹湖段),南北雙向,70
臺11線84.13K（長光段）,南北雙向,50
臺11線78.3K(大俱來),南北雙向,50
臺9線405.74K(大溪段),南北雙向,50
臺9線398.65K(金崙大橋南端),南北雙向兼南下闖紅燈,60
臺9線391.88K(新香蘭段),南北雙向,60
臺9線390.32K(香蘭國小),南北雙向兼南下闖紅燈,60
臺9線388.24K (太麻里街口),南北雙向,60
臺9線385.38K(北里段),南北雙向,70
臺9線383.65K(代天宮),南北雙向,60
臺9線380.97K(華源段),南北雙向,60
臺9線379.43K(三和國小),南北雙向,60
臺9線378K(美和所前),南北雙向兼闖紅燈,70
臺9線417.86K(大武國中),南北雙向兼闖紅燈,50
臺9線415.75K(大鳥村口),南北雙向,60
臺9線433.72K（草埔森永隧道南下）,南下兼科技執法偵測,70
臺9線433.72K(草埔森永隧道北上),北上兼科技執法偵測,70
臺9戊線9.92K(壽卡休憩亭)至3.94K森永區間測速,雙向測速科技執法,40
臺9戊線3.94K(森永所)至9.92K壽卡休息亭區間測速,雙向測速科技執法,40
臺9線427.43K(達仁消防隊旁),雙向暨科技執法偵測,70
臺9線426.29K(達仁圖書館),南北雙向,60
花蓮市中央路與中山路口,南下,50
中央路與豐村路口,北上車道,50
尚志路18-1號前,南下車道,50
府前路與北興路口,南下,60
公正街與信義路口,北上車道,70
興國路與自由街口,南下車道,60
台30線27.2K,東往西向,50
縣道193線95.4K,北上車道,50
台9線179.02K,北上車道,70
台9丙線9.159K,西往東,50
台9丙線7.33K,南下車道,50
中央路與稻香路口,南下車道,60
吉豐路與吉興路口,北上,60
吉豐路與吉興路口,南下,60
知卡宣大道與永華二街口,西往東,60
中央路與建國路口,南下車道,50
中央路與建國路口,北上,50
吉安鄉南濱路一段與南海二街口,南下車道,50
台9線211.57K,北上,50
台11丙線14.2K,北上車道,70
志學村中山路與中正路口,北上車道,50
臺11線24K+176.14-26K+623.9,南下,50
台11丙線4.4K,南下車道,70
臺11線26K+581.92-24K+127.73,北上,50
台11線23.4公里,南下,50
台9線233.92K,南下車道,60
台11線43.95K,北上車道,60
台9線255.4K,南下車道,70
台9線250.8K,南下,70
臺9線248.1K,南下車道,70
台9線262.5K,南下車道,60
縣道193線89.12K,西往東,50
縣道193線89.15K,東往西,50
台9線299.82K,北上車道,60
台9線190.37K,北上,50
台9線166.5K,南下車道,50
台9線167.5K,北上車道,50
臺9‌線‌155K+207-‌157K+976‌(仁水隧道),南下,50
臺9‌線‌‌157K+888‌-155K+122(仁水隧道),北上,50
臺9丁線59.5K-64K,南北雙向,40
臺9‌線‌149K+257-‌151K+756、臺9‌線151K+756-153K+987‌,南下,70
臺9‌線‌151K+434-‌149K+066、臺9‌線153K+718‌-151K+434‌‌,北上,70
台9線146.272K,北上車道,50
縣道203線中華路與林森路口（闖紅燈）,東向西,50
縣道201線井垵段5.6K,東向西,50
馬公市中華路與六合路岔路口(兼闖紅燈),東往西,50
縣道205線前寮段5.8K,西向東,50
馬公市新店路與文山路口（闖紅燈）,北向南,50
縣道204線與新店路岔路口(兼闖紅燈),東往西,50
縣道203線西文里97-2號,東向西,50
縣道204線中正國中前路口（闖紅燈）,東向西,50
縣道203線與東衛岔路口(兼闖紅燈),東往西,50
縣道204線光華段2.6K,西向東,50
縣道201線鐵線段1.95K,南向北,70
縣道203線安宅段5.3K,北向南,50
縣道201線興仁岔路口,北向南,50
縣道202線成功段1.6K,北向南,70
縣道204線興仁段4K,東向西,50
縣道204線烏崁段4.6K,南向北,50
縣道204線隘門村116-6號旁,南往北,50
縣道203線許家段6.1K,南向北,50
馬公機場出入口（闖紅燈）,南向北,50
縣道204線隘門段6.7K,南向北,50
縣道202線西溪段5K,西向東,50
縣道204線林投段7.8K,西向東,50
縣道202線湖西段7.1k,西向東,50
縣道202號菓葉段9.9K,南向北,50
澎14號南寮村121號旁,南向北,40
縣道203線通梁段20.77K,南往北,50
縣道203線通梁段19.9K,西向東,50
縣道203線後寮段17.8K,北向南,70
澎8號道瓦硐段,東向西,50
縣道203線講美段12.3K,南往北,50
縣道203線港子段14K,北向南,50
縣道203線講美段11.72K,東向西,50
白沙鄉赤崁村聯外橋樑北端出口岔路,南向北,40
縣道203線中屯段9.5K,北向南,50
縣道203線池東段30.4K,北向南,50
縣道203線二崁與大池岔路口,南向北,70
縣道203線合界段24.8K,西向東,70
台62甲線3號隧道內南下3.69k處,北向南,60
台62甲線3號隧道內北上3.7k處,南向北,60
中正路信五路口,南向北,50
信一路義三路口,東向西,50
中正路中船路口(南口),北向南,50
台62甲線、東海街口,南向北,40
台62甲1號隧道出口(0.7K處),南向北,40
北寧路(海洋大學前),南向北,50
台62甲線3號隧道出口處至東海街出口(南往北)區間測速,南往北,40
調和街154之3號旁,北向南,50
調和街242號對面處,南向北,50
明德三路(長春貨櫃),南向北,50
大埔交流道、大同街口,西向東,40
新台五線五堵橋頭(台5線19K+107),南向北,50
萬瑞快速道路(台62線)3.4K(西行),東向西,80
萬瑞快速道路(台62線)3K+290(東行),西向東,80
實踐路294巷口,北向南,50
大華二路46號對面處,東西雙向,50
新台五路、福三街口(南向北),南向北,50
新台五路、福三街口(北向南),北向南,50
工建西路、工建路口,北向南,50
明德二路(台五線20K+422)南向,北向南,50
明德二路(台5線20.5K處)北向,南向北,50
明德二路2之1號前,南向北,50
光明路106號前,北向南,50
八堵路185巷口(北上),南向北,50
八堵路185巷口(南下),北向南,50
八堵路國安路口,南向北,50
萬瑞快速道路(台62線)11K+280(西行),東向西,80
萬瑞快速道路(台62線)11K+470(東行),西向東,80
源遠路、水源路口,西向東,50
過港路、寧靜街口,東向西,50
源遠路、暖暖街口,西向東,50
東勢街、暖濃橋口,南向北,40
台62線快速道路11.3K至6.2K(東往西)區間測速,東向西,80
源遠路249巷口,東向西,50
東勢街與東安一號橋口,南向北,40
基平隧道北端出口處往基隆,南向北,40
基平隧道5K+120往基隆,南向北,50
29號橋,南向北,50
南榮路509巷口,南向北,50
南榮路64巷口,北向南,50
南榮路393巷口,北向南,50
文化路116號前,西向東,50
西岸高架橋南下0K+460處,北向南,50
中華路97巷口,西向東,50
中山二路、健民街口(南向),北向南,50
西岸高架橋北端路口處,南向北,50
中山二路、健民街口(北向),南向北,50
中山二路65巷口,南向北,50
中山一路、港西街口,北向南,50
中山二路36巷口,北向南,50
基金三路、武隆街口,西向東,50
基金三路、武聖街口,東向西,50
基金三路、武訓街口(東向),西向東,50
基金三路、武訓街口(西向),東向西,50
北濱公路(台2線)、武聖街144巷口,西向東,50
萬瑞快速公路(台62線)、基金二路一巷口,東向西,40
基金一路135巷口,西向東,50
基金一路208巷口,東向西,50
基金一路、5B匝道口,東向西,50
麥金路、樂利三街口,東向西,50
麥金路749號前,西向東,50
麥金路222號(長庚醫院)前,東向西,50
安樂路二段127號(中華電信)前,南向北,50
麥金路12號前,東向西,50
安一路(十全亭公園旁),西向東,50
基金三路下坡路段,西向東,50
安樂路一段、崇德街口,南向北,50
信二、義一路口,北向南,50
仁一、月眉路口,西向東,50
培德路2巷口,東向西,50
台62甲線孝東匝道口,南向北,40
台62甲線3號隧道內北上3.7K處,北上,60
台62甲線3號隧道內南下3.69K處,南下,60
深澳坑路118號前,西向東,50
深澳坑路240號旁,西向東,50
東大路三段110巷口(往南寮-機場彎道),東向西,50
火車站前,雙向,50
東大高架民族路上方,西向東,50
中央路、民權路口,往北,50
高峰路168號旁,往市區,40
公道五路四段127號前,西向東,40
中央路、民生路口,往北,50
寶山路317巷口(高峰植物園),東向西,50
自由路、民族路口,東向西,50
中華路二段2號,南往北,50
高翠路311號前,雙向,40
高翠路292巷口,往高峰路,40
中華路一段2巷137號,西向東,40
光復路二段、忠孝路口,東向西,50
溪埔路、經國路一段156巷50弄口,北向南,50
新竹科學園區園區三路近研新四路,往南,50
新竹科學園區園區三路世界先進前,往南,50
園區三路121號台積電旁,西向東,50
新竹科學園區園區三路台積電二五廠前,往東,50
新竹科學園區新安路近展業一路口,往東,50
新竹科學園區新安路近園區一路,往北,50
新竹科學園區園區一路近竹村一路口,往東,50
新竹科學園區園區一路近竹村一路口,往西,50
新竹科學園區園區一路慈雲路橋下,往東,50
新竹科學園區園區三路辰鴻加油站對面,往北,50
新竹科學園區竹村七路近靜心湖出入口,往南,40
慈雲路、埔頂二路口,雙向,50
慈雲路、公道五路口,南向北,50
新竹科學園區.園區一路近園區三路口,往東,50
關新路、關新一街口(往光復路),北往南,30
新竹科學園區力行路近世界先進便道,往北,50
延平路二段961之1號旁,南北,50
西濱路、榮濱南路口,南往北,60
台68線榮濱路匝道口,東向西,50
西濱路、東大路四段口(北上),南向北,50
西濱路、東大路四段口(南下),北向南,50
舊港1-1號前(舊港大橋),北向南,50
公到五路五段、東大路三段430巷口,東往西(雙向),50
天府路一段、東大路三段291巷口,西向東,50
經國路二段、延平路一段口,北向南,50
公道五路四段、防汛道路,東向西,50
武陵路61巷口,北向南,50
台68線東大路匝道口,北向南,40
都城隍廟周邊道路,雙向,50
武陵路196巷口(武陵匝道口、荷蘭村),北向南,50
公道五路三段700號,往西,50
新竹市北區經國路1段176號,往南,50
台61線西濱快速公路85.2公里處,南北,80
中華路五段832號前(香山火車),北向南,60
中華路五段320巷口,南向北,60
西濱快速公路、宮口街口,南向北,80
中華路五段208巷口,北向南,60
西濱路港南國小前,南向北,60
南隘路2段76號對面（南隘國小）,雙向,50
台1線79公里,往南,60
新竹市香山區五福路二段120巷口,北往南,50
新竹市香山區景觀大道、五福路二段口,北往南,50
景觀大道4.7公里,往茄苳交流道,70
文化路６９４巷口,北向南,50
忠孝路(台1線263公里處),北向南,50
忠孝路與義教街口,南向北(超速闖紅燈),50
彌陀路１６２巷口,南向北,50
林森東路612巷口斜對面,東向西,50
大雅路一段470號前,西向東,50
嘉義市彌陀路與學府路口,北向南,50
北港路與竹仔腳路口,西向東,50
高鐵大道925號前,東西雙向,70
北港路1158號前,西向東,50
高鐵大道與四維路口,西向東(超速闖紅燈),50
博愛路與自強街口,南北雙向,50
北港路與中興路口,東向西,50
高鐵大道與福義街口,東向西(超速闖紅燈),50
嘉義市垂楊大橋與新建街口,西向東(闖紅燈),50
博愛路二段與中興路口,南北雙向(超速闖紅燈),50
湖子內路與環湖一街口,南北雙向(超速闖紅燈),50
新民路416巷口,南向北,50
嘉義市中山路與中正路口,南北雙向(超速闖紅燈),50
嘉義市中山路與林森西路口,南北雙向(超速闖紅燈),50
湖子內路１００號前,南向北,50
世賢路四段與美源街、興安街口,東西雙向(超速、闖紅燈),50
興業東路與國華街口,西向東(闖紅燈),50
自強隧道區間測速（雙向）（暫停執法）,南北雙向,50
辛亥隧道區間測速（雙向）（暫停執法）,南北雙向,50
復興北路車行地下道南出口處,往南,40
民生東路四段97巷口,西向東,50
民權東路4段 民權公園前,東西雙向,50
健康路300號,往東,50
塔悠路近撫遠街261巷口,往南,50
忠孝東路四段逸仙路口附近,東西雙向,50
市民大道五段50號前,往東,50
忠孝東路5段210號,往東,50
和平東路一段國立師範大學前(西向東),往東,50
新生南路金華街(北向南),往南,50
新生南路三段58號台大側門,往北,50
建國南路2段179號往北,往北,50
建國高架道和平東路上方(北向南),往南,70
市民大道三段214號前(西向東),往東,40
基隆路 長興街,往北,50
基隆高架道下敦化南路段(南向北),往北,60
辛亥路3段157巷,往西,50
辛亥路三段157巷(下北二高)(東向西),往西,50
新生北路高架道民族東路入口(往南),往南,70
北安路 海軍司令部前,往西,50
建國高架道長春路入口(北向南),往南,70
明水路325號,東西雙向,50
復興北路(車行地下道北出口處),往北,40
樂群一路(基湖路口西往東天橋下(金泰公園)),往東,50
中華路1段53號前（南向北）,往北,50
重慶南路3段27巷口(往北),南北雙向,50
市民大道高架 京站百貨前,往東,80
水源快速道路同安街口（快車道）,往北,60
仁愛路臨沂街口(東向西),往西,50
水源快道路往南(景福匝道口),往南,60
環河北路近敦煌路(北向南),往南,60
承德路3段 敦煌路,南北雙向,50
承德路4段 通河街,南北雙向,50
萬板大橋台北端引道(往台北市),往市區,50
艋舺大道297號台糖公司前(東向西),往西,50
萬大路華中橋頭(南北雙向),南北雙向,50
環河南路1段77號對面(北向南),往南,50
水源路205號前(東向西),往西,60
羅斯福路5段240號(往南),往南,50
羅斯福路6段226號(往南),往南,50
辛亥路6段 懷恩隧道出口,往南,50
辛亥路4段辛亥隧道出口(往南),往南,50
信義快速道路(北往南文山隧道出口處),往南,70
木柵路五段(西向東) 100之3號,往東,50
市民大道七段與忠孝東路六段159巷口,往東,50
市民大道7段 近昆陽街口,往西,50
忠孝東路七段511號,往東,50
市民大道8段與東南街口(東往西),往西,50
市民大道8段 500號,往東,50
三重路19-5號前(北向南),往南,50
承德路四段320號（福港街口）,北往南,50
內湖路1段324號,往東,50
行善路233號,往東,50
環東大道(南京東路6段368巷口上方),往西,80
成功路2段373號,往北,50
金湖路200號前,往北,50
成功路5段152巷口,往東,50
民權東路六段423巷口(東向西),往西,50
環河北路3段葫蘆街口,往北,50
承德路四段百齡高中前(南向北),往北,50
仰德大道2段29巷,往下山方向,40
仰德大道2段115巷口,下山,40
仰德大道四段75號前(下山方向),下山,40
學園路 台北藝術大學門口,下山方向,30
大度路往台北方向,往南,70
大度路往淡水方向,往北,70
大業路412號前,往北,60
洲美快速道路(南向避車彎處),往南,80
洲美快速道路(北向避車彎處),往北,80
立賢路101號,往北,50
承德路6段,往南,60
承德路6段,往北,60
陽金公路53號燈桿後方竹子湖路2-2號對面,往市區,40
鼓山、鹽埕區鼓山一路與新樂街,東往西,30
鼓山三路、青峰街,北向南,50
鼓山、鹽埕區鼓山一路與新樂街,西往東,30
蓬萊路32號前,南向北,40
鼓山區鼓山一路/大公路,南向東,50
鼓山區厚生路往翠華路/河西一路路口,西往東,50
鼓山區厚生路往翠華路/河西一路路口,東往西,50
鼓山區華安街/馬卡道路口,南、北向西,50
鼓山區馬卡道路與美術館路/西藏街口,西往東,50
鼓山區馬卡道路/青海路,北向南,50
鼓山區馬卡道路與青海路口,南往西,50
鼓山區馬卡道路與美術館路/西藏街口,北往南,50
鼓山區馬卡道路與美術館路/西藏街口,南往北,50
鼓山區興隆路與河川街103巷22弄路口,西往東,40
鼓山區北斗街/鼓山二路,東西雙向,50
鼓山區興隆路與河川街103巷22弄路口,東往西,40
鼓山區綠川街與綠川街29巷口,東往西,30
鼓山區美術館路與美術東二路口,西往北,50
鼓山區青海路與美術東二路口,東向西,50
左營高架橋(中華陸橋)往南下橋處,北向南,40
鼓山區美術東四路與美術館路口,北往南,40
鼓山區美術東四路與美術館路口,南往北,40
鼓山區中華一路/美術館路,南、北向西,60
鼓山區美術館路/中華一路口,北往南、西往北,50
中華一路與大順一路口,南向北,60
中華一路與美術北三路口,北向南,60
鼓山區美術館路與裕國街口,西往北,50
鼓山區大順一路/龍勝路口,西往北,50
明誠三路與南屏路口(西向東),西向東,50
鼓山區大順一路/博愛一路口,西往北,50
鼓山區大順一路與富民路口,西向北,50
鼓山區大順一路與富國路口,西向北,50
左營區介壽路與先鋒路口,西向東,50
左營區先鋒路293號對面,南向北,40
左營高架橋(中華陸橋)往北下橋處,南向北,40
左營區翠華路與華榮路口,北向南,60
左營區軍校路國軍高雄總醫院左營分院前,北向南,50
左營區翠華路與勝利路口,北向南,60
左營區翠華路與崇德路口,南向北,60
華夏路337巷口,南向北,50
左營區翠華路/新庄仔路口,北向南,60
左營區華夏路/新莊一路口,南向北,50
華夏路與新莊仔路,南向北,60
左營區新莊一路/新榮街口,西向東,50
左營區翠華路/大中二路,北向南/東向西,50
左營區翠華路與站前南路,南向北,60
博愛二路與裕誠路口,北向南,50
左營區博愛二路/裕誠路,北向南,50
左營區新莊一路/博愛二路,東、西向南,50
博愛二路與新庄仔路口,南向北,50
高鐵路與曾子路,北向南,50
博愛三、文自路口,北向南,60
博愛、崇德路口,南向北,50
大中高架道路華夏匝道口,西向東,60
高鐵路與大中二路口,北向南,50
大中高架道路文川匝道口,東向西,60
大中二路與華夏路口,西向東,40
左營區大順一路/自由一、二路口,西往北、東往南,50
新莊仔路與自由二路,西向東,50
左營區高鐵路/重愛路,東、西向南,50
左營區大順一路與龍德新路口,東往南,50
左營區大中二路/文自路,西向東,50
左營區自由三路/孟子路,東、西向北,50
民族一路與大中一路,南向北,60
左營區大中一路/民族一路口,北向南,60
左營區民族一路/榮佑路,南、北向東,60
左營區民族一路/重愛路,北向南,60
德中路與大學二十九路口(向南),北向南,60
德中路與大學二十九路口,南向北,60
楠梓區藍田路/藍昌路,東、西向北,50
左楠、後昌路口,南向北,50
楠梓區左楠路與外環西路,南向北,50
德民路與德惠路口,東向西,50
加昌路與左楠路口,西向東,50
楠梓區德民路/海專路口,西向東,50
德民路與海專路口(機車道),西向東,40
楠梓區加昌路/瑞屏路,東向西,50
楠梓區加昌路/海專路,東向西,50
高楠公路與德民路口,南向北,60
楠梓區高楠公路/水管路口,北向南,60
高楠、水管路口(機車道),北向南,40
高楠公路1015-6號前,南向北,60
高楠公路金屬研發中心前,南向北,60
楠梓區楠陽路/鳳楠路,西向東,50
楠梓區鳳楠路/興西路口,東西雙向,50
楠梓區興西路與鳳楠路,北向南,50
旗楠路與土庫一路口,東向西,50
旗楠、常德路口,東向西,60
九如三路(中都街與九如大橋中段),東向西,50
中山一路/建國二路口,南向北,30
博愛一路/九如二路口,北向南,30
三民區自由一路/同盟一路口,北向南,50
自由一路與同盟一路,北向南,50
同盟路高醫大門,西向東,50
三民區大順一路與河堤南路與河堤路口,西往北,40
三民區大順一路與河堤南路/河堤路口,東往南,40
三民區大順一路與聯興路口,西往北,40
民族、承德路口,南向北,60
民族一路與十全一路口,北向南,60
九如一路與民族一路口,東向西,50
民族一路與建工路口,南向北,40
河堤、民族一路543巷路口,北向南,50
民族一路268號前,南北向,60
三民區大順一路/民族一路口,西往北、東往南,50
民族一路與裕誠路,北向南,60
民族、裕誠路口(機車道),南向北,40
明誠一路與民族一路口,東向西,50
三民區大順二路與鼎山街口,西往北,40
三民區大順二路與日全街口,東往南,40
三民區天祥一路/鼎中路,南、北向西,50
明誠一路 528 號對面,西向東,50
三民區大順二路與莊敬路口,西往北,40
九如、平等路口,西向東,50
鼎山街與明誠一路,南向北,50
三民區大順二路與灣中街口,東往南,40
大中路、鼎中路口東向西左側路口,東向西,50
大中路、鼎中路口東向西右側路口,東向西,50
三民區大中一路/鼎中路口,東向西,50
三民區大順二路/建工路口,西往北、東往南,50
三民區大順二路與建德路/大豐二路口,南往西,40
三民區大順二路與寶興路口,北往東,40
明誠一路280號,東向西,50
三民區大順二路與建興路口,南往西,40
三民區大順二路與覺民路口,北往東,40
三民區大順二路與大順二路55巷/46巷口,北往東,40
三民區大順三路與359巷/366巷口,北往東,40
三民區大順三路與359巷/366巷口,南往西,40
三民區大順二路與大順二路55巷/46巷口,南往西,40
三民區大順二路/九如一路口,北往東、南往西,50
明誠、大裕路口,西向東,50
九如一路、大順二路口,東向西,50
三民區建工路/大昌二路,西往南,50
九如一路與大昌二路口,西向東,50
大昌二路420巷,南向北,50
大昌二路28號,南向北,50
三民區九如一路/光武路口,東、西向北,50
三民區建國一路/高速公路東側便道,西向東,50
中山高西側便道、九如路口,北向南,50
三民區九如一路/高速公路東側便道,南向北,50
九如、中山高東側便道,東向西,50
三民區澄清路與九如一路口,北向南,50
新興區林森一路/七賢一路,南、北向東,50
新興區六合一路/林森一路,東、西向北,50
民生路與仁愛路口,西向東,50
新興區中正三路/復興一路,東、西向南,50
新興區五福二路/復興二路,東、西向南,50
前金區大同二路/中華三路,東、西向南,50
前金區五福三路/自強二路,西往南,50
中華三路與民生二路口,北向南,50
前金區中華三路/五褔三路口,北向南/東向北,50
前金區中山一路/民生一路、民生二路,南向北,50
五福三路與英雄路口,東向西,50
中華四路與四維四路口,南向北,50
中山二路432號前,南向北,50
中山二路361號前,北向南,50
苓雅區文橫二路/三多三路,南、北向西,50
五福一路與和平一路口,西向東,50
中正地下道(東向西出口),東向西,50
五福、凱旋路口,西向東,50
建國路與武廟路口,東向西,50
苓雅區凱旋二路與同慶路口,西往東,50
苓雅區凱旋二路與同慶路口,北往東,50
苓雅區中正一路/大順三路,西向東,50
苓雅區大順三路、河北路/中正一路口,北往南、南往西,50
苓雅區凱旋二路/四維一路,南向北,50
苓雅區大順三路與建民路口,北往東,50
苓雅區大順三路與武廟路口,南往西,50
苓雅區大順三路與武廟路口,北往東,50
中正地下道(西向東出口),西向東,50
苓雅區凱旋三路/三多二路,南向北,50
苓雅區大順三路/建國一路口,北往東、南往西,50
苓雅區三多二路與凱旋二路口,東向西,50
苓雅區大順三路與憲政路口,南往西,50
苓雅區大順三路與憲政路口,北往東,50
苓雅區凱旋三路/武昌路,南、西、北向東,50
苓雅區大順三路與大順三路281巷/282巷口,南往西,50
苓雅區大順三路與鐵道一路/316巷口,南往西,50
苓雅區大順三路與鐵道一路/316巷口,北往東,50
苓雅區建國一路/福德二路,東、西向北,50
苓雅區中正一路/輔仁路口,西向東,50
苓雅區輔仁路/中正一路,南向北,50
苓雅區武營路/三多一路,北向南,50
苓雅區中正一路/高速公路西側,北向南,50
武營、三多路口,南向北,50
苓雅區中正一路/高速公路東側便道,西向東,50
中正一路與高速公路,西向東,50
建國一路中山高涵洞東側,西向北,50
建國一、正義路口,西向東,50
中正一路國軍高雄總醫院旁,西向東,50
苓雅區三多一路與建軍路口,西向東,50
前鎮區成功二路與新光路口,北向西,50
前鎮區成功路與高雄展覽館路口,北向西,50
前鎮區成功路與新光停車場路口,北向西,40
前鎮區復興四路/成功二路口,北往西,50
前鎮區成功二路與台鋁路口,北向西,50
中華五路與復興三路口,南向北,50
中山三路與文橫路,南向北,60
成功二路與興發路口,北向南,50
前鎮區中華五路與正勤路口(西、北側),南向北,50
成功二路與舊凱旋四路口,南向北,50
舊凱旋四路與前鎮街口,西向東,50
前鎮區中華五路與時代大道路口(東、南側),東向西,50
中山三路與正勤路口,北向南,60
新生高架道路0.82K,南向北,60
前鎮區一心二路/復興三路,西向東,50
舊凱旋四路與鎮興街口,西向東,50
凱旋四路與鎮興街口,東向西,50
中山三路與光華三路口,南向北,60
過港隧道北孔（前鎮往旗津方向）汽車道1361M處,南向北,60
過港隧道北孔〈前鎮往旗津方向〉機車道1100M處,南向北,50
凱旋四路與凱旋四路424巷口,西向東,40
三多二路與桂林街口,西向東,50
前鎮區凱旋四路/中山三路,東、西向南,50
前鎮區漁港路與新生路,南向北,50
中山三路與凱旋四路口,南向北,60
一心、光華路口,東向西,50
中山四路與鎮海路口,北向南,40
一心、和平路口,西向東,50
前鎮區中山四路/五甲三路口,南向北,60
前鎮區漁港路/草衙一路,東向西,50
前鎮區新生路與金福路口,北向南,50
前鎮區凱旋四路與班超路口,南往東,50
凱旋四路與籬仔內路口,南向北,50
前鎮區新生路與金福路口,南向北,50
前鎮區一心路與凱旋路口,南往東,50
前鎮區一心路與凱旋路口,東往西,50
前鎮區班超路瑞祥高中前,北向南,50
高速公路接金福路之高架聯絡道北上（離金福路出口500公尺處),南向北,40
高速公路接金福路之高架聯絡道南下（離金福路出口900公尺處),北向南,40
前鎮區凱旋三路/二聖一路(輕軌沿線),南向北,50
前鎮區凱旋三路/二聖一路,南、北向東,50
中山四路與中平路口,北向南,40
中山四路與中安路口,南向北,50
中山四路與金福路口,北向南,50
前鎮區中安路/明鳳五街路口,西向東,50
保泰、瑞隆路口,南向北,50
過港隧道南孔〈旗津往前鎮方向〉汽車道1367M處,北向南,60
過港隧道南孔〈旗津往前鎮方向〉機車道1100M處,北向南,50
東亞南路、平和7路路口,南向北,60
東亞南路、平和2路路口,北向南,60
中山四路/平和東路,北向南,40
小港區中山四路/平和東路,北向南,60
南星路與中林路(南向北),南向北,40
中安路223號前,東向西,50
中山四路與大業北路口,北向南,60
中山四路/大業北路以南60公尺處（高雄公園前））,東向西,60
南星、中林路口(北向南),北向南,40
中安路與明聖街230巷口,西向東,50
小港區中林路段（沿海四路至龍鳳路）,東西雙向,50
沿海一路與宏平路,南向北,50
小港區中林路段（沿海四路至龍鳳路）,東西雙向,50
小港區沿海一路與康莊路口,北向南,40
沿海一路與漢民路口,北向南,50
南星路段(沿海路以北700公尺處),北向南,40
沿海一路與中鋼路口(南下),北向南,50
小港區中鋼路/沿海二路,西向東,50
小港區飛機路153號濟南里活動中心旁,西向東,40
沿海三路與鳳鳴路,北向南,50
小港區沿海二路/永光街口,南向北,60
高鳳路/中安路口,南向北,50
小港區沿海二路/世全路口(南向),北向南,60
小港區沿海二路/世全路口(北向),南向北,60
營口路/山明路口,北向南,50
高松路/營口路口,西向東,50
小港區高鳳路/松興路,北向南,50
小港區孔宅六街路段(全路段),東西雙向,40
高松、松正路口,東向西,50
高坪18路與高坪15路,西向東,50
三商街高速公路口機慢車專用道往南415公尺處,北向南,40
臨海路與南華一路口,南向北,50
南華一路保安二街口,東向西,50
鳳山區南華一路與鳳甲路口,東向西,50
南華一路與和成路,西向東,60
建國路三段與澄清路口,東向西,70
國泰路二段與南京路口,北向南,60
五甲一路/瑞隆東路口,北向南,40
保南二路與保義街口,南向北,50
鳳山區五甲一路/凱旋路,南向北,50
建國路與青年路口,東向西,70
鳳山區文衡路/青年路二段,東、西向南,50
鳳山區國泰路二段與五甲一路口,北向南,60
鳳山區五甲一路/中山路,南、北向西,50
鳳頂路與過埤路口,北向南,60
鳳頂路與田中央路口,南向北,60
鳳山區過埤路與鳳頂路口(快車道),東向西,60
鳳頂路(台糖加油站對面),北向南,60
鳳山區維新路/光遠路,南、北向東,50
國泰路一段與鳳頂路口,西向東,50
鳳山區鳳松路/經武路,北向南,60
中山東路與光遠路口,南向北,50
中門路與南星路口(快車道),南向北,50
中門路與南星路口(慢車道),南向北,40
林園區沿海路四段/王公路/東林西路口,北向南,60
沿海路林園南路口,西向東,60
林園區鳳林路三段與潭頭路口,南向北,60
台25線14.5公里處,北向南,60
台29線108.4公里處,北向南,60
內坑路161之21號前,西向東,60
市道188 號(內坑路)與高72線路口,東向西,60
大寮區市道188號(內坑路)與高72線路口,西向東,50
鳳屏一路與民貴街口,東向西,50
鳳林三路/萬丹路,北向南,50
大寮區鳳屏一路/成功路,東、西向北,60
大寮區鳳林三路/進學路,南向北,50
大寮區新厝路296-1號前,東西向,50
大寮區市道188號與鳳林二路口(快車道),西向東,60
大寮區市道188號與鳳林二路口(慢車道),西向東,40
大寮區市道188號/鳳林二路口,東向西,60
鳳林二路、光華路口,南向北,60
鳳屏二路與江山路口,西向東,70
大寮區新厝路/新三街口,西向東,50
台88線快速道路西向東7.4公里處,西向東,90
鳳林二路與濃公路,北向南,60
光明路三段與翁園路口,北向南,60
鳳林一路與鳳林路四段,北向南,60
鳳屏二路/鳳屏二路180巷口(高屏大橋下橋處),東西向,70
光明路二段與大寮路口,北向南,60
台29線96.5公里處,南向北,50
市道188號與華中路口,西向東,40
大寮區市道188號/華中路口,西向東,60
台88線快速道路東向西10公里處大發交流道前,東向西,90
河堤路三段與公園街,北向南,50
大樹區高186甲線(三和路)仙峰宮前,西向東,40
大樹區興山路興山橋旁,西向東,50
大樹區竹寮路60-1號前(台29線91.1K),南北雙向,60
大樹區台22線14K處,東西向,50
大坑路台29線86.5K處,南北向,70
大樹區(台29線)興田路82-2號前路口,南北雙向,70
大社區旗楠路與保糖街口,西向東,50
大社區中山路521-9號旁,東向西,40
和平路二段與中華路14巷口,東向西,60
和平路一段710-1號前,東向西,60
大社區翠屏路112巷1-11號旁,西向東,40
大社區嘉保路與大社路口,南向北,50
大社區學府路202號對面(往大社市區),東向西,40
高楠公路/八德二路,北向南,40
高楠公路與八德二路口,南向北,60
仁武區高楠公路/八德二路,南向北,60
仁武區本館路/球場路,北向南,40
鳳仁路183線2.45公里中央分隔島,北向南,60
仁武區鳳仁路與竹門巷口,北向南,40
澄觀路與八德南路,東向西,50
仁武區水管路與鳳仁路,西向東,40
仁雄路與澄仁路口,西向東,50
澄觀路與鳳仁路口,東向西,60
鳳仁路/澄觀路,南向北,60
鳳仁路與成功路口,南向北,60
鳳仁路5-13號前,南北向,60
澄觀路與仁林路口,西向東,60
仁武區澄觀路二段/水管路三段,北向南,60
澄觀路二段/水管路三段,北向南,60
水管路與澄觀路口,東向西,60
仁武區水管路三段/義大二路,東向西,60
義大二路與公館1巷3號前,北向南,60
松藝路段(南往北往八德南路方向),南向北,50
松藝路段(北往南往圓山路方向),北向南,50
鳥松區大埤路32號自來水廠前,南北雙向,50
神農路54-6號前,東西向,60
國軒路/鵬程東二路口,西向東,50
岡山區嘉新西路/岡山路口,東向西,50
岡山區岡山路/維新路口,東、西向南,50
大德一路與中山北路,西向東,50
岡山區嘉新東路與新庄路口,東向西,50
介壽東路與和平路口,東向西,60
嘉新東路與聖森路,西向東,60
岡山區聖森路與聖森路160巷口,北向南,50
岡山區聖森路/岡燕路口,南向北,50
介壽東路與岡燕路,東向西,60
嘉峰路高鐵橋下,北向南,50
岡山區大莊路60巷90號對面,北向南,50
白樹路175號對面,西向東,40
橋頭區隆豐路/公園路,北向南,40
成功北路與鐵道北路,北向南,60
成功路與新興路,北向南,60
高雄市橋頭區成功南路與仕隆路口,北向南,60
橋頭區成功南路與經武路口,北向南,60
旗楠路段〈鳳旗路44號之10旁〉,東向西,50
高雄市燕巢區中興路與南一巷口(燕巢國中前),北向南,60
鳳澄路7之32號前,北向南,60
台22線深水國小前路口,東向西,50
燕巢區深中路（台22線）國立高雄科學大學燕巢校區前,西向東,60
古亭路(台28線)18號以東67.5公尺處(往阿蓮方向),東向西,50
鹿埔路19號前,西向東,50
復安路與玉庫路口(台19甲線往阿蓮市區),南向北,60
路竹區環球路與樹人醫事學校前路口,西向東,60
中山路與國昌路口,北向南,70
中山南路、北嶺二路,南向北,60
高雄園區國道1號聯絡道3.2K至1.5K往西高科方向,東西向,70
路竹區復興路327巷口,南向北,50
復興路與復興路1133巷口,南向北,50
高雄園區國道1號聯絡道1.5K至3.3K往東國道方向,東西向,70
環球路新生路,東向西,60
和平路與東方路口,南向北,60
中山路一段與284巷口,南向北,60
茄萣區正順北路近正順東路口,西向東,40
正順北路(高1-1線)與崎漏路口,東向西,60
台17線(保安路)201.2K處,南北向,70
台29線(旗南三路)75.3K處,南北向,70
旗山區旗南三路8號以北50公尺處,北向南,50
台28線29.2公里處,西向東,50
延平1路與旗甲路1段路口,北向南,60
中華路與華中街口,西向東,50
旗甲路一段(圓潭橋前）,北向南,60
旗山區台3線(旗屏二路)與高92線口,南北雙向,70
旗山區台29線(旗甲路三段)58K+274,南向北,60
美濃區中山路二段359巷口,南向北,60
美興街232號前(月光山隧道),南向北,50
復興街一段480號前,北向南,50
美濃區台28線(中興路一段)37K+412,東向西,50
中華路(台28線)與獅山街口,東向西,60
三民路37號前(台28線45.7K),東向西,50
台28線茂林國家風景區管理處前路口,北向南,50
旗六公路新威國小前,西向東,60
杉林區市道181線(杉美路1段)2K+675,北向南,50
杉林區台29線53K+207,南向北,60
內門區市道182號28.9K至31.8K( 往東-內門市區方向),西向東,50
內門區市道182號28.9K至31.8K( 往西-台南市龍崎區方向),東向西,50
旗文路(台三線401.88K),北向南,60
內門區台3線389.5K至392.5K(往北),南向北,60
內門區台3線389.5K至392.5K(往南),北向南,60
溪城路與金門街369巷,往樹林,50
環漢路沙崙抽水站前,往新莊,50
新北環河快速道路7公里處,往三重,70
堤外便道1K+900,往板橋,50
環河西路5段「歡仔園防汛陸橋」前,往土城,50
環河西路5段00640燈桿,往板橋或土城,50
臺65線5K+390,往新莊,80
臺65線快速公路5.4公里,往土城,80
臺65線快速公路7公里,往新莊,80
臺64線快速公路20.24公里,往東,60
縣民大道3段與民生路口,往板橋,60
文化路2段與長江路口,往板橋,50
民生路1段與三民路2段正隆巷口,往板橋,50
華江橋下坡處,往板橋,50
中山路光復橋頭,往板橋,50
重新堤外道8.9公里處,往新莊,50
中山橋頭,南下,50
新北環河快速道路3.2公里處,往中和,70
新北環河快速道路新北大橋旁,往中和,70
新北環河快速道路3公里處,往蘆洲,70
集賢路42號,往蘆洲,50
環河北路3段168號前,往三重或蘆洲,50
中山高架橋上,往新莊,50
環河北路3段重陽橋下,往三重,50
環河北路2段304號,往蘆洲,50
中正路1203號前,往中山路方向,50
臺64線快速公路23公里,往西,70
中和區環河西路3段,往永和,50
臺64線快速道路東向25.2k主線及錦和路匝道至28.2k,往東,70
臺64線快速公路25.3公里,往東,70
中正路與中興街,往秀朗橋方向,50
臺64線快速道路西向26.6k至28.2k,向西,70
新北環河高架保生路匝道處,往中和,50
環河東路2段10號,往中和或永和方向,50
新莊區壽山路(北118線0K至1.2K),往新莊,40
青山路1段173號前,往新莊,50
壽山路(北118線0K+950),往新莊,40
新北大道7段與鳳山街口,往中正路,60
新北大道7段與鳳山街口,往青山路,60
中正路879號,雙向,50
中正路757號前,往臺北或桃園),50
環河路與17越堤道路口,往新莊,50
臺65線快速公路1.8公里,往五股,80
臺65線快速公路1.8公里,往板橋,80
中環路2段臺65線高架下,新泰路401巷29號對面,50
中環路3段臺65線下橋墩,往中原路,50
思源路與長青路口,往五股,50
思源路370巷口,往五股,40
重新堤外道9.06公里處,往三重,50
安康路3段新加坡社區前,往安坑,40
安康路3段與錦秀路口,往新店,40
安和路3段與永安街口,往新店,50
安和路2段169巷口,往新店,50
溪園路375號前,往環河路或中安大橋,60
環河路168號前,往臺北、新店,60
安康路1段與莒光路口,往新店,50
新店區環河路(中央路至白馬寺),往碧潭,60
環河路美河市前,新店,60
環河路小碧潭捷運站旁,往碧潭,60
新店區環河路(中央路至白馬寺),往臺北,60
環河路白馬寺前,往臺北,60
北宜路1段105巷口,往新店,50
北新路3段與順安街口,往新店,50
中興路1段與檳榔路口,往臺北,50
中興路3段與文化路口,往新店,50
中興路3段與寶中路口,往臺北,50
北宜路1段246號前,往坪林,50
新烏路1段60號旁,往烏來,40
寶橋路78巷口,往中興路方向,50
中興路2段39號前,往碧潭或景美,50
臺9甲線新烏路2段與屈尺路,往烏來,50
北宜路2段82巷口,往坪林,50
北宜路2段348號對面,往新店,50
臺9線19K至23.1K,往宜蘭,40
臺9線19K至23.1K,往新店,40
中山路高架橋頭,往樹林,50
八德街與堤外道路,往鶯歌,50
中山路3段27巷口,往樹林,50
中正路與三福路口,往樹林,50
中正路與三俊街口,往桃園,50
大安路537巷口,往新莊,50
大安路與文化街口,往新莊,50
大安路249巷口,往新莊,50
環漢路五段與東豐街口,往板橋,50
大安路249巷口,往鶯歌,50
大安路111巷口,往新莊,50
中正路102之2號旁,往樹林,50
樹林陸橋樹林端,板橋往樹林方向,40
鶯桃路與永和街口,往鶯歌,50
中正三路193巷口,往大溪,40
西湖街191號前,往樹林,50
環河路與二甲路口,往樹林,50
中正二路204463號燈桿旁,往鶯歌,50
中正一路405號前,往桃園,50
中正一路與碧龍巷口,往鶯歌,50
館前路2.4公里,往樹林,50
大埔路臺7乙線7.37公里處,往桃園,40
大埔路臺7乙線1.97公里處,往三峽,40
五寮臺7乙線7.8公里處,往三峽,40
中正路2段264號前,往大溪,50
復興路與大勇街口,往鶯歌,50
中正路1段524號旁,往大溪,50
中正路1段與大同路口,往復興路,50
添福路107之15號旁,往插角,40
台7乙線5.3公里,往桃園,40
大義路與學林路口,雙向,50
溪東路197號前,往三峽,50
溪東路(市道110號30K+500M往三峽),往三峽,30
溪東路350號前,往新店,50
介壽路2段2號前,往土城,50
介壽路3段148號前,往土城,50
安坑路13之8號,往新店,40
安坑路40號前,往三峽,40
臺2線8.1公里與埤島里,往臺北,70
臺2線8公里與新市二路4段,往三芝,70
臺2線與牛埔子路口,往臺北,60
淡金路二段125號,往淡水,60
臺2線10.56公里處,往三芝,60
臺2線與正德國中賢孝校區前,往臺北,50
中正東路與竿蓁二街口,往臺北,50
中正東路與坪頂路口,往臺北,50
中正東路與八勢路口,往淡水,50
臺2線與紅樹林捷運站前,往臺北,50
汐萬路3段12.8K至14.3K,往臺北,40
汐萬路3段11.7K至12.8K,往臺北,40
汐萬路3段12.8K至14.3K,往汐止,40
汐萬路3段6.2K至11.7K,往臺北,40
汐萬路3段11.7K至12.8K,往汐止,40
汐萬路3段6.2K至11.7K,往汐止,40
大同路1段與樟樹二路口,往汐止,50
大同路1段與樟樹一路口,往臺北,50
臺5線14.4公里處,往基隆,50
臺5線15.86公里處,往汐止,50
大同路3段205號前,往基隆,50
新臺五路與茄苳路口,往汐止,50
臺5線17.68公里處,往基隆或汐止,50
大同路3段與保新路口,往基隆,50
楓仔瀨路瑞楓陸橋前臺2丁線5.95k,往基隆,50
臺62甲線4.9公里處,往四腳亭,60
臺62線下明燈路匝道,往瑞芳,40
臺62線快速公路16.83公里處,往基隆,80
臺62線快速公路16.95公里處,往瑞芳,80
中山路與東和街口,往南,50
臺2丁線與明燈路口,往瑞芳,50
臺2線72.4公里,往宜蘭,50
臺2線81公里欽賢國中旁,往宜蘭,50
臺2線78.4公里處與北34路口,往貢寮,60
臺2線81.2公里與南雅路,往基隆,50
臺2線84.6公里鼻頭隧道口,往基隆,50
中央路4段與龍泉路口,往土城,50
擺接堡路與民權街,往板橋,50
擺接堡路與民權街口,往三峽,50
中央路3段與中興路口,往三峽,50
中央路3段與大安路,往土城交流道,50
擺接堡路2.5公里處與自強路口,往板橋,50
臺65線快速公路10.4公里,往土城,60
臺65線快速公路10.4公里,往板橋,60
擺接堡路1號裕德國小前,往土城或板橋,50
金城路1段62號,雙向,50
金城路2段27號前,往土城,50
城林橋頭,往土城,50
中華路1段與裕民路口,往中和,50
中華路2段與水源街口,往土城,50
金城路2段46巷口,往中和,50
環堤大道與永樂街口,雙向,50
三民路與長榮路口,往蘆洲,50
環堤大道與民族路422巷口,往五股,50
新五路2段572號,往成泰路,50
新五路2段347號前,往新莊或五股,50
新五路3段210號,往疏洪北路或新城八路,50
臺64線快速公路10.4公里,往東,80
疏洪一路1K+535,往蘆洲或新莊,50
成泰路4段43號前,雙向,50
大科路686號前,往泰山,40
大科路331之6號旁,往新莊,50
泰林路3段370巷對面,往新莊,50
公園路60號對面,往明志路,40
新北大道6段85號,往台麗街,60
臺61線快速公路19.8公里處,往八里,90
文化北路一段與忠孝一路口,往八里,50
臺61線快速公路14公里處,往八里,90
文化三路1段249巷旁,往林口,50
文化北路1段492巷口新北市特殊教育學校前,往八里,50
中山路與中原街口,往林口,50
文化二路與仁愛二路口,往八里,50
文化二路1段571號,往仁愛路2段,50
文化一路1段與麗園一街口,往林口,50
文化北路2段與寶林路口,往八里,50
文化三路2段328號前,往八里,50
中山路562號,往文化三路2段,50
文化1路、竹林一路口,往八里,50
仁愛路1段691號前與竹林路口,往林口,50
文山路三段16之1號前,往臺北,60
106乙線0.5公里,往深坑,60
106乙線文山路2段喜樂橋頭,往石碇,60
深南路與風格街口,往南港或深坑,40
文山路2段30巷口,往臺北,60
文山路1段與旺躭路45巷口,往石碇,60
文山路1段與北深路1段229巷口,往臺北,60
北宜路4段6號(21.3公里),往坪林,40
臺9線23.1K至26.2K,往宜蘭,40
北宜路5段67號前,往新店,40
臺9線26.2公里,往坪林或新店,40
臺9線23.1K至26.2K,往新店,40
臺9線26.2K至32.2K,往宜蘭,40
106線靜安路1段356號前,往深坑或平溪,40
106線靜安路1段236號前,往平溪,40
臺9線26.2K至32.2K,往新店,40
臺9線32.2K至33.3K,往宜蘭,40
臺9線32.2K至33.3K,往新店,40
臺9線33.3K至37.2K,往宜蘭,40
臺9線33.3K至37.2K,往新店,40
臺9線37.2K至42.2K,往宜蘭,40
臺9線37.3公里,往宜蘭,40
臺9線38公里,往坪林,40
臺9線37.2K至42.2K,往新店,40
臺9線42.2K至48.4K,往宜蘭,40
臺9線42.2公里,往宜蘭或坪林,40
臺9線42.2K至48.4K,往新店,40
臺9線48.4K至56.3K,往宜蘭,40
臺9線48.4K至56.3K,往新店,40
臺2線淡金公路5段屯山國小前,往淡水,60
臺2線14.5公里與大片頭前,往金山,70
臺2線與海景街口,往石門,60
臺2線與海景街口,往淡水,60
臺2線18.05公里處,往金山,70
臺2線18.8公里處,往淡水,50
臺2線19.7公里與埔頭坑路口,往臺北,50
臺2線22.8公里北觀處,往金山,70
臺2線27.5公里,往金山,50
臺2線27.9公里與石門國中前,往金山,50
臺2線28.5公里處,往淡水,50
臺15線中山路3段383號前,往八里,50
中山路3段與下罟子漁港路口,往八里,50
中山路3段112號前,往八里或往林口,50
中華路3段236號長坑國小前,往八里,40
臺64線快速公路2.85公里,往西,80
中華路2段165巷,往龍米路3段,50
中山路1段與忠八街口, 往中山路2段,40
省道台64線西向1.6K至5.4K,往西,80
中華路1段與中山路口,往臺北,50
龍米路3段48-51號,往中山路,50
龍米路2段與觀海大道口,往中華路,50
龍米路2段與渡船頭街口,往中山路,50
龍米路2段153之3號前,往八里,50
龍米路2段第391033號燈桿前,往臺北或八里,50
龍米路2段米倉國小前,往八里,50
龍米路1段聖心女中前,往臺北,50
龍米路1段與龍形一街口,往八里,50
龍米路1段與龍形三街口,往臺北,50
龍米路1段90巷口,往八里,50
龍米路一段65巷口,往五股,50
龍米路1段2之1號旁,往八里,50
臺2丙線12.7公里,往雙溪,50
臺2丙線17公里,往雙溪,60
臺2丙線過港隧道與中山路口,往貢寮,40
臺2丙線25.95公里,往宜蘭,50
臺2線91公里,往宜蘭或瑞芳,60
臺2線與仁愛路口,往瑞芳,50
臺2線與仁愛路口,往宜蘭,50
臺2線96.55公里處,往宜蘭或基隆,60
臺2線100.2公里處,往宜蘭,50
臺2線112.1公里,往宜蘭,50
臺2線104.6公里處,往宜蘭或瑞芳,50
臺2線35.3公里處,往金山,70
臺2甲線0.9公里處,往金山或往臺北,50
臺2線38.9公里處,往金山,60
臺2線與陽金公路口,往萬里,70
臺2線42.5公里處,往萬里,60
臺2線43.5公里大鵬派出所前,往基隆,50
臺2線大鵬國小對面,往金山,60
臺2線47.1公里萬里隧道出口處,往金山,50
萬里隧道,往萬里,50
臺2線48.3公里萬里隧道出口處,往基隆,50
萬里隧道,往金山,50
臺2線49.5公里處,往金山,60
公園路與中華路二段路口,東向西,50
建國路與民權路口,西向東,50
東區建成路521號前,雙向,50
東區旱溪西路二段17巷口,南向北,50
環中東路四段與樂業路口,北向南,50
南區復興路一段129號前,東向西,60
復興路一段與工學路口,西向東,50
南區文心南路930號前,北向南,60
南區南平路97號前,雙向,50
國光路與南門路口,北向南,50
南區忠明南路1265號前,雙向,50
西區忠明南路與忠明南路326巷口,雙向,50
忠明南路口與民生路口,北向南,50
臺灣大道二段與忠明路口,東向西,60
西區建國北路二段101號前,雙向,50
五權路與英才路口,東向西,50
進化北路與學士路口,東向西,50
三民路三段與育才街口(往公園路方向),北向南,50
崇德路一段與太原路二段路口,北向南,50
三民路三段與崇德路一段路口(往五權路方向),東向西,50
北區東光路270號前,北向南,50
西屯區都會園路(往西屯路距都會公園1.35公里),北向南,50
西屯區臺灣大道四段2088號前(往市區),西向東,50
台灣大道四段與東大路一段路口(往市區),西向東,50
西屯區臺灣大道四段近東大路一段(側門慢車道),西向東,40
西屯區東大路一段450號前往西屯路三段方向,南向北,50
科園路29號,雙向,40
西屯區西屯路三段261號前,西向東,50
西屯區福科路617號前往福林路方向中央分隔島,西向東,50
安和路1號前,北向南,50
臺灣大道四段與中工三路口,西向東,50
西屯區安和路99-38號前,南向北,50
福雅路與西林巷口,北向南,50
環中路三段(龍洋巷50-15號前),南北雙向,60
西屯區市政路123號前,西向東,60
台灣大道三段與河南路三段路口(往市區),西向東,60
西屯區環中路二段766號,南向北,60
西屯區黎明路三段與僑大五路口,東向西,50
西屯區中彰快速道路12.7K(往烏日方向),東向西,80
西屯區中彰快速道路13.3K(往中清路方向),西向東,80
中清路二段與環中路一段路口(往大雅區),南向北,50
河南路二段與長安路二段路口,北向南,50
向上路五段往龍井區方向(距五權西路1.2K處),東向西,60
向上路五段(往市區距離精科路360公尺),西向東,60
南屯區永春南路148號前,西向東,50
南屯區五權西路三段225-7號前,雙向,50
南屯區中彰快速道路4.8K,雙向,80
環中路三段與五權西路二段口,北向南,40
南屯區環中路四段56-8號,雙向,60
環中路四段與向上路三段路口,南向北,40
南屯區向上路三段418號前,西向東,50
南屯區環中路四段643號前,北向南,60
南屯區五權西路二段1001號前,雙向,50
永春東路1387號前,西向東,50
南屯區永春東路1392號對面,西向東,50
公益路二段與文心路一段路口,東向西,50
松竹路三段與后庄路口,東向西,50
北屯區四平路仁愛公園旁,西向東,50
崇德路二段與文心路四段路口,北向南,50
北屯區崇德路三段938號前,雙向,60
太原路三段與旱溪東路三段路口,東向西,60
北屯區旱溪東路三段48號前,北向南,50
北屯區太原路三段1027-1號前,西向東,60
北屯區軍功路二段571號前,北向南,50
環中東路三段與太原路三段路口(下閘道及慢車道往太平),北向南,40
北屯區松竹路一段360號前(往環中東路一段方向),東向西,50
北屯區廍子路456號前,南向北,50
北屯區祥順路二段398號前,北向南,50
北屯區廍子路與廍子路700巷口,東向西,50
北屯區東山路二段151-3號前,東向西,50
豐原區豐原大道八段(愛心紀念公園前),南北雙向,60
豐原區國豐路一段501號,西向東,50
圓環北路二段與大順街口,西向東,50
豐原區豐原大道六段516號前,東向西,60
豐原區豐原大道四段近379號前,東向西,60
豐勢路二段與豐年路口,北向南,50
豐勢路二段與萬順一街口,北向南,50
東勢區東蘭路(台3線152.3K),北向南,60
東關路六段與新盛街口,西向東,60
東關路六段199巷口,西向東,60
東勢區東關路六段近262巷,東向西,60
大甲區中山路一段近東安路處,南向北,70
經國路與光明路口,北向南,60
經國路與育英路口,南向北,60
經國路與和平路口,北向南,60
中山路二段與幼獅路口,南向北,70
經國路與通天路口,北向南,70
環港北路190燈桿(高美濕地景觀橋旁),南向北,50
臨港路六段與港埠路五段路口,北向南,70
臨港路六段與高美路口,南向北,70
中清路九段91巷口,東向西,60
臺61線快速道路148.1K至156.4K,北向南,90
中華路與鰲峰路口,南向北,70
中華路與高美路口,北向南,70
清水區臨港路七段(台17線近1K處),東向西,70
清水區中山路553號前,北向南,70
沙鹿區向上路七段近321號,東向西,60
臺灣大道七段與七賢路口,西向東,60
沙鹿區向上路六段752號前(龍井交流道),東向西,50
沙鹿區臺灣大道七段466號前,東向西,60
沙鹿區中清路七段(台10線5.5K),西向東,60
臺灣大道七段(台12線6.4k)(靜宜大學),東向西,60
臺灣大道六段(台12線7.4k)(弘光科技大學),東向西,60
沙鹿區中清路七段(台10線6.7K),東向西,60
沙鹿區中清路六段(台10線9.2K),東向西,70
中二路3k+587處(建新物流專區旁),南向北,60
中二路與臺灣大道10段路口,東向西,50
臺61線快速道路157.8K至151.6K,南向北,90
中二路與中橫一路路口,北向南,60
港埠路二段與大智路二段路口,北向南,60
梧棲區中華路一段(台1線168.5K),北向南,70
臺中市西屯區東大路一段與中科路口,南往北,60
三豐路三段(正隆紙廠)前,北向南,60
后科路三段2號(后里園區汙水處理廠),雙向,50
后里區三豐路三段與枋寮路口,北向南,60
后里區三豐路五段(中社花市前),北向南,60
后科路二段(盟力公司),雙向,50
臺中市后里區后科路一段(友達公司3號保全崗旁),雙向,50
神岡區民生路122號前(台10線17.4K),東西雙向,60
神岡區崇德路3之1號前,南北雙向,60
崇德路四段與雅潭路口,南向北,60
潭子區中山路一段261號前,北向南,60
中山路二段與潭子街一段路口,北向南,60
中山路三段與祥和路口,南向北,60
潭子區中彰快速道路19.4K(往烏日方向),東向西,80
潭子區中彰快速道路19.4K(往太平方向),西向東,80
潭子區豐興路二段(中89線4.2K),北向南,50
潭子區豐興路二段(中89線3.96K北上),南向北,50
中部科學工業園區中科路近科雅東路口,雙向,60
大雅區中科路1088號前往永和路方向快慢分隔島,東向西,60
大雅區雅潭路三段與雅潭路三段400巷口(橋上),東向西,50
明德路與大勇街口,北向南,70
石岡區明德路68之2號前,北向南,70
石岡區豐勢路與廣華街口,北向南,70
豐勢路與萬仙街口,西向東,70
中山路三段與高鐵東路口(往市區方向),西向東,70
烏日區環中路八段599號前,南北雙向,60
烏日區中山路三段917號前,西向東,70
中山路三段與學田路口,北向南,70
烏日區環河路二段(近春源鋼鐵公司),東西雙向,60
環中路八段與褔泰街口,北向南,60
環中路六段與光明路口,北向南,50
環中路七段與勤農巷口,南向北,50
沙田路三段889巷路口,北向南,70
自由路與仁德路口,南向北,70
環港南路81至82號燈桿間,西向東,50
中南一路6K+222公尺處(中龍鋼鐵旁),南向北,50
龍井區西濱路二段與臨港東路二段路口,北向南,60
龍井區向上路八段與193巷口處,東向西,60
龍井區中華路二段480號前,南向北,70
中華路一段與茄投路口,北向南,70
龍井區中華路一段(台1線175.5k),南向北,70
龍井區向上路6段與中興路口至沙鹿區向上路6段與自立路口,東往西,50
中興路東端路口,南向北,60
龍井區向上路六段(中136線10.2K),東向西,60
龍井區臺灣大道六段與水裡社路口處(台12線10.1K),東向西,70
霧峰區中正路569-9號前,南向北,70
中正路與吉峰路口(往大里方向),南向北,50
霧峰區環河路一段702號,東向西,60
霧峰區中投公路11.4K(南下),北向南,70
霧峰區中投公路11.5K(北上),南向北,70
中彰快速道路東平路匝道口,南向北,40
太平區中彰快速道路27.5K(往大里方向),北向南,80
環中東路四段與十甲路口,南向北,50
太平區中彰快速道路25.9K(往潭子方向),南向北,80
太平區環中東路三段(育才路與樹孝路67巷間),北向南,50
太平區祥順路一段310號前,南北雙向,50
大里區環河路一段188號(中來水泥廠前),東向西,60
大里區國光路二段505號前,北向南,50
大里區國光路一段72號前,南向北,50
德芳南路口與環中東路六段路口,西向東,60
大里區中投公路4.5K(南下),北向南,70
大里區中投公路4.4K(北上),南向北,70
文心南路與福德路口,西向東,60
長榮路與三興街口172線20.05公里,東向,50
臺1線290.3公里與東山路口,北向,50
長榮路與臺一線路口,多向,70
南314線1公里,雙向,50
飯店里臺19線110.3公里,雙向,70
三和里田寮往臺19線路口,雙向,50
歡雅里臺19線105.6公里,北向,50
臺1線281.7公里處後壁陸橋北端,雙向,70
臺1線279.9公里與南91線路口,北向,70
長榮路四段近2.8公里處,雙向,60
臺1線294.1公里,雙向,70
165線18.82公里,雙向,50
曾文水庫道路7公里,西向東方向,40
曾文水庫道路7.5K公里,雙向(東往西、西往東),40
曾文水庫道路8.1公里,東向西方向,40
176線16.9公里麻豆口路口,西向,60
新生南路與中山路口,雙向,50
臺19甲線與中正、文昌路口,雙向,60
臺19甲17.2公里與新生南路路口,北向,50
臺1線297.3公里與174線路口,南向,70
臺1線298.8公里與174線路口,北向,70
臺1線302公里,北向,50
臺84線37.2公里處走馬瀨隧道口,雙向,90
臺19線117.5公里大安里大灣路口,南向,50
臺19線125.8公里與南45線往後營路口,北向,70
臺17線152.6公里大潭寮路口,北向,70
臺17線162.05公里與南38線路口,南向,70
臺17線153.95公里處,雙向,60
臺17線155.6公里篤加國小前路口,南向,70
臺61線281.9公里,南向,90
臺19甲線33.5公里,雙向,70
中正路與中山路口,多向,50
中正路與信義路路口周邊路段,多向,50
臺19甲線與信義路路口,雙向,50
臺20線15.9公里國8道路口,南向,60
南科北路與環西路二段,東西向,60
環西路二段與南科七路口,南北向,50
南科北路與南科九路口,南北向,60
南科北路與南科九路口,東西向,60
南科北路與南科八路口,南向,60
南科北路與南科七路口,北向南,60
環東路二段與南科九路口,西向,50
南科七路與環東路二段路口,西向,50
南科七路與三抱竹路口,東西向,50
西拉雅大道與大順六路口,東向西,60
西拉雅大道與大順六路口,東向西,60
臺1線310.6公里處,雙向,70
南科三路與道爺路口,西向,50
社內里大洲五號橋T字路口,雙向,25
新港社大道(橋上雙向),雙向,60
西拉雅大道與南科南北路口,東西向,60
西拉雅大道與南科南路口,東西向,60
南科南路與南科三路,東西向,60
臺一線與新港社大道,多向,70
南科南路與環西路一段路口,北向,60
南科南路與環西路一段路口,東西向,40
南科南路與新港社高架橋前,北向,60
西拉雅大道與環東路二段路口,東西向,60
西拉雅大道與環東路二段路口,東西向,60
大順七路與大順二路口,南向,40
臺19甲線與西拉雅大道,多向,70
臺19甲線28公里處,雙向,70
臺1線317.7公里,雙向,70
臺19線132.7公里中崙段,北向,50
178線7.9公里與南134線路口,東向,50
嘉榮路512號前,雙向,50
嘉榮路512號前,雙向,50
臺84線40.38公里,雙向,70
臺84線40.8公里,西向,70
臺20線與台3線中華路口,東向,50
臺3線369公里,北向,70
臺南市 楠西區 曾文水庫道路3.2公里至4.9公里,雙向(東向西、西向東),40
臺南市 楠西區 曾文水庫道路1.2公里至2.9公里,雙向(東向西、西向東),40
臺南市 楠西區 曾文水庫道路5.4公里,雙向(東向西、西向東),40
臺南市 楠西區 曾文水庫道路6公里,西向東方向,40
臺3線388K處,雙向,60
臺3線383.5公里,雙向,60
臺3線378.4公里,雙向,60
臺20線22.3公里,雙向,60
臺20乙線0.7公里處(近睦光橋),雙向,50
快速道路86線西向3.9K處,西向,90
機場路1050號前,雙向,50
臺1線342.7公里臺86線匝道路口,南向,70
二仁路台1線341.85K,雙向,70
臺1線344.15公里與二行一路路口,北向,50
文德路與中山路口,雙向,50
中山路與文德路口,多向,50
臺39線10公里,北向,70
高鐵臺南站U型車道,雙向,50
臺39線2.6公里處,南向,70
182線12.1公里忠孝南北路口,西向,50
臺19甲線41公里,雙向,60
臺86線17.85公里,雙向,70
市道182線中正路與南屏路口,西向,50
市道182線26至28公里區間測速,雙向,50
182市道28.5公里,北向,50
市道182線28.23K處,雙向,50
市道182線27.68K處,雙向,50
中華路與中央路口,多向,50
中華路與中正南路口,多向,50
中華路與大橋三街口,多向,50
中華路與中華西街口,多向,50
中華路與中山南路口,北向,50
中華路與中華二路口,南向,50
中華路與中華一路口(近兵仔市場),雙向,50
近復興路與高速二街口,雙向,50
復興路與復興路26巷口,南向,50
近高速一街二段與永二街245巷26弄路口,北向,50
永大路與中山北路路口,北向,50
林森路-大同路口,西向,50
榮譽街與榮譽街25巷口(近大同國小前),雙向,50
小東路與成功大學成功校區校門路口,東向,60
東門路與林森路口,雙向,50
中華東路三段與崇明路口,多向,60
林森路後甲國中前-近東和路口,南向,50
東寧路與林森路口,多向,50
中華東路與東門路口,北向,60
中華東路-凱旋路口,南向,60
中華東路與平實路口,多向,60
中華東路-平實五街路口,北向,60
中華東路二段41巷與富農街二段路口,多向,50
崇善路-德東街口,南向,40
安平港路聯外道路-鯤鯓路127之5號前,雙向,50
安平港聯外道路台電高分鯤鯓54右38號電桿,北向,60
濱南路與喜樹路340巷口,南向,50
臺17線濱南路海口宮前,雙向,70
新平路24號前,雙向,60
濱南路-鯤鯓路口,北向,60
中華西路-新和路口,北向,60
中華西路1段75號,南向,60
明興路-明興路1312巷,南向,50
中華南路-南和路口,東向,50
金華路-永華路口,北向,50
中華南路-德興路口,西向,60
永成路2段369號往南70公尺處,雙向,60
中華南路-近西門路口,雙向,60
中華南路-國民路口,南向,50
中華北路與觀海橋路口,多向,60
中華北路與文賢路口,多向,60
中華北路二段80巷口,雙向,60
海安路與公園南路口,多向,50
海安路-文成路口,南向,50
和緯路與海安路口,多向,50
中華北路二段與北安路口,西向,60
公園路與公園南路口,多向,50
北區臺南轉運站前公園路周邊路段,雙向,50
公園路-長榮路口,南向,40
北門路與小東路口,南向,50
公園路1092巷與公園路1074巷17弄路口,多向,50
開元路與長榮路口,多向,50
東豐路-長榮路口,西向,50
開元路與林森路口,雙向,50
東豐路與林森路口,多向,50
四草大道與大眾街口,南向,70
安明路-安中路口,南向,70
安明路4段1100號前,雙向,70
安明路近北汕尾路口,雙向,70
公學路六段418號前,雙向,50
臺江大道三段近安中路320巷口,雙向,70
安明路-近大港觀海橋,雙向,70
安吉路-安中路口,北向,60
安吉路一段近本原街口,雙向,60
安吉路3段近安順庄大道,北向,60
北安路3段396巷前,雙向,60
北安路4段548巷近長和街口,雙向,60
臺江大道一段與開安路口,東向,50
長和路一段與館前一路口,北向,50
近安北路與洲安一街路口,雙向,50
安平路與華平路口,雙向,50
健康路與文平路口,東向,50
中華西路與永華路口,雙向,60
中華西路一段與民權路口,多向,60
中華西路與府前路口,北向,60
西門路與健康路口,多向,50
西門路與民族路口,南向,50
南門路與健康路口,多向,50
中成路與慈音街路口,多向,50
中山路與西華南街口,多向,50
成功路近火車站圓環,東向,40
台61線高架41.5K至46.8K,北上,90
台61線高架41.6K至46.9K,南下,90
台66線西向東3K至6.9K,東向,80
台66線東向西14.8K至11.5K,西向,90
大溪區台七乙線12.1K至8.2K處,北上,40
大溪區台七乙線12.1K至8.2K處,南下,40
龜山區萬壽路一段(東萬壽路309巷-萬壽路1275巷),往龜山,50
龜山區萬壽路一段(萬壽路1275巷-東萬壽路309巷),往迴龍,50
龜山區青山路二段(青山路2段文青路-青山路1段200號),往青山路1段200號,50
龜山區青山路二段(青山路1段200號-青山路2段文青路,往青山路2段文青路,50
文中路645號前,往國際路方向,50
文中路與龍安路口,往國際路方向,50
中山路941號前,往市府方向,50
富國路379號對面,往蘆竹方向,50
國際路二段與大興西路三段路口,雙向,50
莊敬路二段路燈桿(0716800)旁,往寶慶路方向,50
大興西路三段與正光路口,往永安路方向,50
大興西路三段與正光路口,往南桃園交流道方向,50
文中路(中興國中前),雙向,40
溫州街69號對面,往大興西路方向,30
縣府路與中山路口,往北方向,50
三民路三段與永安路口,雙向,50
介壽路與三民路三段路口,介壽路往北,30
三民路二段與民生路口,雙向,50
復興路186號前,往南,50
春日路與民光東路口,雙向,50
春日路561號前,往桃園市區方向,50
復興路129號前,往北,50
三民路二段與春日路口,雙向,50
復興路與民生路口,復興路往市府方向,50
成功路三段235號前,往桃園市區方向,40
民族路六段360號前,往新屋方向,50
中正路四段353號前, 往中壢,50
台31線12.3K(往南), 往南,70
台31線12.5K(往北), 往北,70
中正路二段239巷口,往中壢方向,50
民權路五段65號前, 雙向,50
領航南路二段與新生路口,往北,50
高鐵北路與青心路口,往大園方向,50
環西路二段185之2號前,往西,50
高鐵北路與青埔路口,高鐵北路上雙向,50
中豐北路與大圳路一段口,往市區方向,50
中豐北路與大圳路一段口,往高鐵站方向,50
新生路三段192號前, 往大園,50
新生路二段421號前,往中壢方向,50
延平路368號對面,往桃園方向,50
中園路421號前, 往中壢,50
中園路二段346號前, 往大園,50
中北路二段468號前,雙向,50
中華路普忠路口,往中壢方向,50
中興路一段206號前,雙向,50
中華路與自強一路口,往桃園方向,50
環中東路606之16號前,往平鎮方向,50
普忠路770巷路口前,往榮民南路,50
普忠路581巷前,往環中東路方向,50
中華路一段169號前,往桃園方向,50
晉元路180號對面,往榮民南路方向,50
仁和路二段517巷口,雙向,50
永昌路台66線路口,往中壢方向,50
石園路327號前,往員樹林方向,60
康莊路五段6號前, 往龍潭,60
康莊路三段632號對面（台4線34K+200處）,往大溪方向,60
大溪區瑞安路一段(台4線29K+650)崁津橋前),往石門水庫方向,60
台3線、台4線與大鶯路口,康莊路上雙向,50
埔頂路二段72號前, 往八德,50
崎頂下坡路段,往大溪方向,50
員林路一段142巷口,往龍潭方向,50
介壽路與仁善街路口,往大溪方向,50
大溪區月眉路1號前約120公尺處,往桃園方向,50
復興路二段20號前,往復興方向,40
大鶯路769巷口,往大溪方向,40
大溪區信義路永福派出所前,往大溪方向,50
大溪區信義路永福派出所前,往新北市方向,50
台三線31.8k至30.5k,北向,50
台三線30.5k至31.8k,南向,50
台7乙線12.1k至8.2k,北向,40
台七乙線9.1K處,往桃園方向,40
台七乙線9.1K處,往新北市方向,40
台七乙線8.8K處,往大溪,40
台七乙線8.3K處,台七乙線上雙向,40
台7乙線8.2k至12.1k,南向,40
台61線南下平面50.8K處,往南方向,50
台31線22公里處,往南方向,70
中山南路台1線50.5k處,往北,60
中山路與大成路, 往北,50
中山北路二段與裕成路口,往東,50
中山北路二段與梅獅路一段口,中山北路上往平鎮,50
梅獅路與文化街岔路口,往楊梅方向,40
南青路與大華北街口(台31線往南崁方向),往北方向,60
大竹北路386號旁,往大園方向,50
南青路607號(台31線3K+150),往南,60
濱海路一段101號前,往南下方向,70
文中路一段265巷口前,往桃園,50
濱海路一段與海湖北路,濱海路一段上雙向,70
富國路一段130號前,往蘆竹方向,40
富國路二段360號前,雙向,50
大竹路109號,往桃園,50
蘆興南路408號旁,往南崁方向,50
中正路369號前,往桃園交流道方向,50
中正路8號前,往北,50
山林路二段655號前,往山腳,40
仁愛路三段高鐵前,往蘆竹,40
八德一路與八德二路口,往蘆竹方向,40
台61線29.5K(高架),往北,90
大園區臺61線29.3K,往南方向,90
西濱路二段與民生路口,雙向,50
和平西路一段447號前,往大園方向,50
中正東路與橫湳路口,往國道二號方向,50
西濱路與中央北路,西濱路上雙向,50
高鐵北路二段與領航北路四段路口前,往高鐵站方向,50
中正東路一段373號對面,往桃園,50
中正東路一段373號前(往大園), 往大園,50
中正東路三段與青昇路,往北,50
大牛稠7號（桃5線4.8K）,往大園方向,50
台31線近6K(公里)處,台31線(快、慢車道),50
中正東路二段586號前,往大園方向,50
國際路二段與中央路路口,往北,70
三民路一段(復興空廚前),往北,50
三民路2段825號,往桃園,50
萬壽路二段與忠孝街口前,往北上方向,50
萬壽路二段1262號前,往南下方向,50
忠義路一段20.5K處,往林口方向,60
忠義路一段20.5K處,往桃園方向,60
萬壽路二段472號前, 往桃園方向,50
忠義路一段1196-15號前,雙向,60
忠義路一段18K+660前,雙向,60
振興路829巷口旁,往體育大學方向,50
復興一路218號前,雙向,50
文化二路與文昌一街口,往林口方向,50
萬壽路一段(東萬壽路309巷-萬壽路一段1275巷),往迴龍,50
振興路1051之1號前,雙向,50
復興三路500號對面, 往大埔,50
文化一路與復興二路口,往龜山方向,60
振興路1169號前, 往龜山方向,50
東萬壽路622號前, 往北,50
萬壽路一段(東萬壽路309巷-萬壽路一段1275巷),往龜山,50
東萬壽路與龍校街121巷6弄口, 往南,50
華亞三路近文化二路口,往長庚,50
華亞三路近華亞二路前, 往大埔,50
龜山區萬壽路一段17K+960, 往北,50
龜山區文化一路與文青路口,文化一路雙向,60
青山路二段(青山路一段200號-青山路二段文青路),往迴龍˙,50
樂善村青山路2K,往新莊方向,50
青山路二段(青山路一段200號-青山路二段文青路),往龜山,50
萬壽路一段161號,往新莊方向,50
新生路段近龍宮街36巷9弄口,往平鎮方向,50
八德區長興路與崁頂路口,長興路上雙向,50
中華路龍壽街口署立桃園醫院前,往桃園方向,50
中華路544號旁,往中壢方向,50
八德區中華路與茄苳路口,中華路上雙向,50
八德區建德路與長興路口,長興路上往八德,50
建德路92號前,往興豐路方向,50
八德區新興路與廣興路口,廣興路上雙向,50
介壽路二段1216號對面,往桃園,50
介壽路二段陸軍218營站前,往大溪方向,50
興豐路1176號前,往八德方向,50
興豐路1176號前,往鶯歌方向,50
和強路127號前, 往桃園,50
和強路58號前,往東,50
桃園市平鎮區梅獅路二段,往北,40
福源路256號對面, 往龍潭,40
台三線50.5k至51.7k,南向,60
聖亭路236號春源鋼鐵旁,往龍潭方向,50
台三線50.8K處,北上,60
台三線51.7k至50.5k,北向,60
大昌路二段145-1號前,雙向,50
中正路三林段330號, 往市區,50
龍源路大平段290號, 往大溪,60
中正路三坑下坡路段, 往石門水庫,60
上坪1-2號前,往大溪方向,60
中興路九龍段104號前,往大溪方向,50
台66線14.8k至11.5k,西向,90
民族路雙連一段168號前, 往新屋,50
中興路平鎮段305號前,往埔心方向,50
中興路與南豐路口,往埔心方向,50
延平路三段260巷口前, 往楊梅,50
陸橋南路與平德路口前, 往北,50
中豐路南勢二段與三興路口,中豐路莊敬段雙向,50
中豐路山頂段531號前, 往龍潭,50
平鎮區中豐路一段255號前,南往北,50
中豐路一段與快速路三段口,快速路三段雙向,50
中豐路一段166號前,往龍潭方向,50
平鎮區中豐路與延平路口,往平鎮方向,50
中豐路與延平路一段口,雙向,50
中豐路與三興路岔路口,往中壢方向,50
金陵路與環南路口,往平鎮方向,50
福龍路一段550巷, 往龍潭,50
金陵路與快速路口,快速路一段雙向,50
平鎮區金陵路四段409號前約80公尺處,往環南路方向,50
快速路一段(台66線快速道路24k+160下方),往大溪方向,50
營德路與華隆街路口前約150公尺處,往龍岡路方向,50
台15線59K處,往北方向,70
文化路二段與深圳路口,文化路上雙向,70
西濱路永安段與中山西路三段路口,西濱路上往新豐方向,50
台61線41.5k至46.8k,北向,90
台61線南下平面50.8K處,往南,50
中山西路三段62號前,往永安漁港方向,50
台61線41.6k至46.9k,南向,90
台66線與新文路口,新文路上雙向,40
中山東路一段458號前,往中壢方向,50
高鐵南路六段670號對面,往北方向,50
濱海路保生段277號前,南下車道,70
台61線41.6K至46.9K(高架), 往南,90
台66線（1.080K）與臺15線岔路口,往台61方向,80
台61線41.5K至46.8K(高架), 往北,90
台66線3k至6.9k,東向,80
濱海路廣興段845號前,台15線南北雙向,70
濱海路(台15線)近坑尾一路口,濱海路(台15線)雙向,70
成功路與忠孝路口,往觀音工業區方向,50
桃118縣道52.4K處,羅馬公路上雙向,30
台七線17.9K處,雙向,40
台七線羅浮82號前,往大溪方向,40
國道一號南向306.1公里,往南,110
國道一號北向309.1公里,往北,110
國道一號南向301.6公里,往南,110
國道一號北向301.5公里,往北,110
國道一號南向321.8公里,往南,110
國道一號北向323.4公里,往北,110
國道一號南向315.5公里,往南,110
國道一號北向334公里,往北,110
國道一號南向293.1公里,往南,110
國道一號北向336.7公里,往北,110
國道一號北向292.5公里,往北,110
國道一號南向340.2公里,往南,110
國道一號南向285.3公里,往南,110
國道一號南向373.5公里,往南,60
國道一號南向362.5公里,往南,110
國道一號北向373.4公里,往北,60
國道一號北向353.3公里,往北,110
國道一號南向353.4公里,往南,110
國道一號南向276.2公里,往南,110
國道一號北向277.3公里,往北,110
國道一號北向172.8公里,往北,110
國道一號北向261.7公里,往北,110
國道一號南向260.5公里,往南,110
國道一號北向254.1公里,往北,110
國道一號南向252.2公里,往南,110
國道一號南向247.2公里,往南,110
國道一號北向233.4公里,往北,110
國道一號南向238.6公里,往南,110
國道一號南向223.4公里,往南,110
國道一號北向224.9公里,往北,110
國道一號南向200.1公里,往南,110
國道一號南向187.5公里,往南,110
國道一號南向172.4公里,往南,110
國道一號南向165.3公里,往南,110
國道一號北向157.4公里,往北,100
國道一號南向152.9公里,往南,100
國道一號北向141.7公里,往北,100
國道一號北向127.5公里,往北,100
國道一號南向126.5公里,往南,100
國道一號南向124公里,往南,100
國道一號北向105.5公里,往北,100
國道一號南向102.5公里,往南,100
國道一號北向82.1公里,往北,100
國道一號南向81.8公里,往南,100
國道一號北向82.1公里,往北,100
國道一號南向78.2公里,往南,100
國道一號五楊高架北向64.3公里,往北,100
國道一號北向63.7公里,往北,100
國道一號南向60.1公里,往南,100
國道一號五楊高架南向44.6公里,往南,100
國道一號五楊高架北向38.8公里,往北,100
國道一號北向37公里,往北,100
國道一號北向34.4公里,往北,50
國道一號南向34.4公里,往南,50
國道一號南向30公里,往南,100
國道一號汐五高架南向29.5公里,往南,100
國道一號南向279公里,往南,110
國道一號南向22.7公里,往南,100
國道一號汐五高架南向16.1公里,往南,100
國道一號汐五高架北向16公里,往北,100
國道一號北向14.5公里,往北,100
國道一號南向13.7公里,往南,100
國道一號北向7.5公里,往北,100
國道一號南向2公里,往南,100
國道一號北向1.9公里,往北,100
國道二號西向2公里,往西,100
國道二號東向2.4公里,往東,100
國道二號西向6.4公里,往西,100
國道二號東向11.8公里,往東,100
國道二號東向18.5里,往東,100
國道三號南向342.1公里,往南,110
國道三號北向344.7公里,往北,110
國道三號南向358.6公里,往南,110
國道三號北向331公里,往北,110
國道三號南向372.3公里,往南,110
國道三號北向374.3公里,往北,110
國道三號北向318.7公里,往北,110
國道三號南向378.85公里,往南,110
國道三號南向313.7公里,往南,110
國道三號南向386公里,往南,110
國道三號北向389.3公里,往北,110
國道三號南向282.7公里,往南,110
國道三號南向423.1公里,往南,110
國道三號北向423.2公里,往北,110
國道三號北向186.1公里,往北,110
國道三號南向184.1公里,往南,110
國道三號南向178.6公里,往南,110
國道三號北向177.8公里,往北,110
國道三號北向265.1公里,往北,110
國道三號北向171公里,往北,110
國道三號南向166公里,往南,110
國道三號南向253.2公里,往南,110
國道三號北向206.6公里,往北,110
國道三號北向218公里,往北,110
國道三號南向162.1公里,往南,110
國道三號北向162.1公里,往北,110
國道三號南向150.2公里,往南,110
國道三號北向247.1公里,往北,110
國道三號北向235.2公里,往北,110
國道三號南向142.9公里,往南,110
國道三號北向131.2公里,往北,110
國道三號北向122.5公里匝道,往北,40
國道三號南向117.1公里,往南,110
國道三號北向116.5公里,往北,110
國道三號南向112.2公里,往南,110
國道三號南向107.4公里,往南,110
國道三號南向81.5公里,往南,110
國道三號南向64.2公里,往南,110
國道三號北向57公里,往北,110
國道三號南向39.3公里,往南,100
國道三號北向38.3公里,往北,100
國道三號北向30.1公里,往北,90
國道三號北向29.1公里,往北,90
國道三號北向25公里,往北,90
國道三號南向21.8公里,往南,90
國道三號北向17.1公里,往北,90
國道三號北向14.5公里,往北,90
國道三號北向10.2公里,往北,90
國道三號南向4.7公里,往南,90
國道四號西向4.4公里,往西,100
國道五號北向5.7公里,往北,80
國道五號南向13.3公里,往南,80
國道五號南向16.9公里(雪山隧道科技執法),往南,90
國道五號北向16.9公里(雪山隧道科技執法),往北,90
國道五號南向18.3公里(雪山隧道科技執法),往南,90
國道五號北向18.3公里(雪山隧道科技執法),往北,90
國道五號南向19.7公里(雪山隧道科技執法),往南,90
國道五號北向19.7公里(雪山隧道科技執法),往北,90
國道五號南向21.1公里(雪山隧道科技執法),往南,90
國道五號北向21.1公里(雪山隧道科技執法),往北,90
國道五號南向22.5公里(雪山隧道科技執法),往南,90
國道五號北向22.5公里(雪山隧道科技執法),往北,90
國道五號南向23.9公里(雪山隧道科技執法),往南,90
國道五號北向23.9公里(雪山隧道科技執法),往北,90
國道五號南向25.3公里(雪山隧道科技執法),往南,90
國道五號北向25.3公里(雪山隧道科技執法),往北,90
國道五號北向34.9公里,往北,90
國道五號南向26.7公里(雪山隧道科技執法),往南,90
國道五號北向26.7公里(雪山隧道科技執法),往北,90
國道五號南向52.7公里,往南,90
國道六號東向12.5公里,往東,100
國道六號西向15.6公里,往西,100
國道六號西向26公里,往西,100
國道六號東向36.5公里,往東,100
國道八號東西向0公里,往東西向,80
國道八號東向4.2公里,往東,100
國道十號東向14.7公里,往東,100
國道十號西向16.8公里,往西,100
國道三甲西向1.7公里,往西,80
國道三甲西向3.4公里,往西,80
台2己線北向1.1公里,往北,50
