CityName,RegionName,Address,DeptNm,BranchNm
設置縣市,設置市區鄉鎮,設置地址,管轄警局,管轄分局
連江縣,南竿鄉,介壽村47-10號前,連江縣警察局,南竿警察所
連江縣,北竿鄉,塘岐村168號前,連江縣警察局,北竿警察所
連江縣,北竿鄉,板里村46號前,連江縣警察局,北竿警察所
金門縣,金城鎮,西海路水頭路段,金門縣警察局,金城分局
金門縣,福建省金門縣金城鎮,西海路金城消防分隊路段,金門縣警察局,金城分局
金門縣,金城鎮,西海路空中大學路段(空中大學附近),金門縣警察局,金城分局
金門縣,金城鎮,環島南路小西門路段,金門縣警察局,金城分局
金門縣,金沙鎮,環島北路4段洋山路段(警光會館附近),金門縣警察局,金湖分局
金門縣,金沙鎮,高陽路蔡厝路段,金門縣警察局,金湖分局
金門縣,金湖鎮,環島南路環保公園路段(環保局附近),金門縣警察局,金湖分局
金門縣,福建省金門縣金湖鎮,瓊徑路小徑路段(小徑茶室附近),金門縣警察局,金湖分局
金門縣,金湖鎮,環島南路后園路段(168加油站附近),金門縣警察局,金湖分局
金門縣,福建省金門縣金湖鎮,太湖路鑑潭山莊路段(鑑潭山莊附近),金門縣警察局,金湖分局
金門縣,金湖鎮,黃海路監理站路段,金門縣警察局,金湖分局
金門縣,金湖鎮,金港路料羅路段,金門縣警察局,金湖分局
金門縣,金寧鄉,慈湖路湖下路段,金門縣警察局,金城分局
金門縣,金寧鄉,環島北路鎮西路段,金門縣警察局,金城分局
金門縣,金寧鄉,環島南路后湖路段,金門縣警察局,金城分局
金門縣,金寧鄉,桃園路金寧加油站路段(金寧加油站附近),金門縣警察局,金城分局
金門縣,金寧鄉,環島北路頂堡路段(環北頂林路口附近),金門縣警察局,金城分局
金門縣,金寧鄉,伯玉路盤果路口,金門縣警察局,金城分局
金門縣,金寧鄉,環島南路中心教練場路段(中心教練場附近),金門縣警察局,金城分局
金門縣,金寧鄉,桃園路雙乳山路段,金門縣警察局,金城分局
金門縣,金寧鄉,環島北路后盤山路段,金門縣警察局,金城分局
金門縣,金湖鎮,黃海路陽明湖路段(陽明營區附近),金門縣警察局,金湖分局
宜蘭縣,宜蘭市,台9線78k中山路五段南下,宜蘭縣政府警察局,宜蘭分局
宜蘭縣,宜蘭市,中山路1段560號前北上,宜蘭縣政府警察局,宜蘭分局
宜蘭縣,宜蘭市,宜16線5.5K南津路東向,宜蘭縣政府警察局,宜蘭分局
宜蘭縣,宜蘭市,台9線79k+550m環市東路與192甲線路口北上,宜蘭縣政府警察局,宜蘭分局
宜蘭縣,宜蘭市,台9線80k+700m環市東路黎霧橋南端南下,宜蘭縣政府警察局,宜蘭分局
宜蘭縣,宜蘭市,台9線81k+595m環市東路北上,宜蘭縣政府警察局,宜蘭分局
宜蘭縣,宜蘭市,台7線123k+900m東港段東向,宜蘭縣政府警察局,宜蘭分局
宜蘭縣,宜蘭市,191線與宜14線路口北上,宜蘭縣政府警察局,宜蘭分局
宜蘭縣,羅東鎮,公正路324號東西雙向,宜蘭縣政府警察局,羅東分局
宜蘭縣,羅東鎮,台7丙線28k+98ｍ中山路東向,宜蘭縣政府警察局,羅東分局
宜蘭縣,蘇澳鎮,台9線100k+224m新城段北上,宜蘭縣政府警察局,蘇澳分局
宜蘭縣,蘇澳鎮,台9線117k+772m新澳隧道北上,宜蘭縣政府警察局,蘇澳分局
宜蘭縣,蘇澳鎮,台9線102k+200m聖湖段南下,宜蘭縣政府警察局,蘇澳分局
宜蘭縣,蘇澳鎮,台9線109k+240m東澳隧道南下,宜蘭縣政府警察局,蘇澳分局
宜蘭縣,蘇澳鎮,台9線103k+562m南下,宜蘭縣政府警察局,蘇澳分局
宜蘭縣,蘇澳鎮,蘇澳鎮台9線108k+269m至南澳鄉台9線110k+995m東澳隧道南下-1,宜蘭縣政府警察局,蘇澳分局
宜蘭縣,蘇澳鎮,台2線164k+390m港邊段南下,宜蘭縣政府警察局,蘇澳分局
宜蘭縣,蘇澳鎮,台2線166k+259m蘇澳港段南下,宜蘭縣政府警察局,蘇澳分局
宜蘭縣,蘇澳鎮,台2戊線12k+215m移山路北上,宜蘭縣政府警察局,蘇澳分局
宜蘭縣,頭城鎮,台9線56k+600m至68k+600m北往南-1,宜蘭縣政府警察局,礁溪分局
宜蘭縣,頭城鎮,台9線68k+600m至56k+600m南往北-2,宜蘭縣政府警察局,礁溪分局
宜蘭縣,頭城鎮,台9線69ｋ+20ｍ北宜路一段南下,宜蘭縣政府警察局,礁溪分局
宜蘭縣,頭城鎮,台9線68.6K北宜路一段南下,宜蘭縣政府警察局,礁溪分局
宜蘭縣,頭城鎮,台9線56k+600m至68k+600m北往南-2,宜蘭縣政府警察局,礁溪分局
宜蘭縣,頭城鎮,台9線68k+600m至56k+600m南往北-1,宜蘭縣政府警察局,礁溪分局
宜蘭縣,頭城鎮,宜3線3k+850m宜三路南下,宜蘭縣政府警察局,礁溪分局
宜蘭縣,頭城鎮,191甲線2ｋ+50ｍ中崙段南下,宜蘭縣政府警察局,礁溪分局
宜蘭縣,頭城鎮,台2線139k+738ｍ竹安段南下,宜蘭縣政府警察局,礁溪分局
宜蘭縣,頭城鎮,台2線133k+769ｍ港口段南下,宜蘭縣政府警察局,礁溪分局
宜蘭縣,頭城鎮,台2線131k+121m外澳段南下,宜蘭縣政府警察局,礁溪分局
宜蘭縣,頭城鎮,台2線129k+309m梗枋國小南下,宜蘭縣政府警察局,礁溪分局
宜蘭縣,頭城鎮,台2線128k+754m梗枋段南下,宜蘭縣政府警察局,礁溪分局
宜蘭縣,頭城鎮,台2線128k+65m梗枋地磅站北上,宜蘭縣政府警察局,礁溪分局
宜蘭縣,頭城鎮,台2線123ｋ+642ｍ大溪段北上,宜蘭縣政府警察局,礁溪分局
宜蘭縣,頭城鎮,台2線122k+634ｍ大溪段南下,宜蘭縣政府警察局,礁溪分局
宜蘭縣,頭城鎮,台2線118k+49m大里段南下,宜蘭縣政府警察局,礁溪分局
宜蘭縣,礁溪鄉,191線4K瑪僯段北上,宜蘭縣政府警察局,礁溪分局
宜蘭縣,礁溪鄉,份尾三路北上(份尾橋南側100公尺處),宜蘭縣政府警察局,礁溪分局
宜蘭縣,礁溪鄉,191甲線6ｋ+600ｍ玉田段北上,宜蘭縣政府警察局,礁溪分局
宜蘭縣,礁溪鄉,宜4線4k+280m大塭段東向,宜蘭縣政府警察局,礁溪分局
宜蘭縣,壯圍鄉,191線與雪隧路口南下,宜蘭縣政府警察局,礁溪分局
宜蘭縣,壯圍鄉,宜16線7k+500ｍ新南段西向,宜蘭縣政府警察局,礁溪分局
宜蘭縣,壯圍鄉,宜16線9ｋ+500ｍ美福段東向,宜蘭縣政府警察局,礁溪分局
宜蘭縣,壯圍鄉,宜20線1ｋ+150m新南段西向,宜蘭縣政府警察局,礁溪分局
宜蘭縣,壯圍鄉,台2線147ｋ+40ｍ過嶺國小南下,宜蘭縣政府警察局,礁溪分局
宜蘭縣,壯圍鄉,台2線148k+400m後埤段北上,宜蘭縣政府警察局,礁溪分局
宜蘭縣,壯圍鄉,台2線142k+480ｍ大福段北上,宜蘭縣政府警察局,礁溪分局
宜蘭縣,壯圍鄉,台2線150ｋ+199m公館段南下,宜蘭縣政府警察局,礁溪分局
宜蘭縣,員山鄉,台7線113k+357ｍ內城段東向,宜蘭縣政府警察局,宜蘭分局
宜蘭縣,員山鄉,宜18-2線9ｋ深溝段西向,宜蘭縣政府警察局,宜蘭分局
宜蘭縣,員山鄉,台7線115k+865m八甲段西向,宜蘭縣政府警察局,宜蘭分局
宜蘭縣,員山鄉,宜61線900ｍ深溝段南下,宜蘭縣政府警察局,宜蘭分局
宜蘭縣,員山鄉,宜61線1ｋ+200ｍ深溝段北上,宜蘭縣政府警察局,宜蘭分局
宜蘭縣,員山鄉,宜18-2線溪洲路346號東向,宜蘭縣政府警察局,宜蘭分局
宜蘭縣,員山鄉,宜18-2線溪洲路150號西向,宜蘭縣政府警察局,宜蘭分局
宜蘭縣,冬山鄉,台9線94k+450ｍ冬山段南下,宜蘭縣政府警察局,羅東分局
宜蘭縣,五結鄉,宜22線1k+500ｍ二結段東向,宜蘭縣政府警察局,羅東分局
宜蘭縣,五結鄉,191線與宜24線路口南下,宜蘭縣政府警察局,羅東分局
宜蘭縣,五結鄉,191線與196線路口北上,宜蘭縣政府警察局,羅東分局
宜蘭縣,五結鄉,191線與傳藝路口南下,宜蘭縣政府警察局,羅東分局
宜蘭縣,五結鄉,台7丙線29K+743M親河路西向,宜蘭縣政府警察局,羅東分局
宜蘭縣,五結鄉,宜22線6ｋ錦草段西向,宜蘭縣政府警察局,羅東分局
宜蘭縣,五結鄉,台2線157k+200m利澤段北上,宜蘭縣政府警察局,羅東分局
宜蘭縣,三星鄉,196線3ｋ+800ｍ萬富段東向,宜蘭縣政府警察局,三星分局
宜蘭縣,三星鄉,台7丙線18ｋ+342ｍ大隱段東向,宜蘭縣政府警察局,三星分局
宜蘭縣,三星鄉,台7丙線19ｋ+865m大隱段西向,宜蘭縣政府警察局,三星分局
宜蘭縣,三星鄉,196線7ｋ+900ｍ大埔段西向,宜蘭縣政府警察局,三星分局
宜蘭縣,三星鄉,宜61線3ｋ+600ｍ大洲段南下,宜蘭縣政府警察局,三星分局
宜蘭縣,三星鄉,宜61線3ｋ+800ｍ大洲段北上,宜蘭縣政府警察局,三星分局
宜蘭縣,三星鄉,196線11ｋ大洲段東向,宜蘭縣政府警察局,三星分局
宜蘭縣,南澳鄉,台9線137K+295m至141K+458m谷風隧道南下-2,宜蘭縣政府警察局,蘇澳分局
宜蘭縣,南澳鄉,台9線141K+420m至137K+205m谷風隧道北上-2,宜蘭縣政府警察局,蘇澳分局
宜蘭縣,南澳鄉,台9線139k+667m谷風隧道北上,宜蘭縣政府警察局,蘇澳分局
宜蘭縣,南澳鄉,台9線138k+677m谷風隧道南下,宜蘭縣政府警察局,蘇澳分局
宜蘭縣,南澳鄉,台9線129k+404m至131k+860m觀音隧道南下,宜蘭縣政府警察局,蘇澳分局
宜蘭縣,南澳鄉,台9線137K+295m至141K+458m谷風隧道南下-1,宜蘭縣政府警察局,蘇澳分局
宜蘭縣,南澳鄉,台9線141K+420m至137K+205m谷風隧道北上-1,宜蘭縣政府警察局,蘇澳分局
宜蘭縣,南澳鄉,台9線130k+347m觀音隧道北上,宜蘭縣政府警察局,蘇澳分局
宜蘭縣,南澳鄉,台9線134k+538m至136k+883m觀音隧道南下,宜蘭縣政府警察局,蘇澳分局
宜蘭縣,南澳鄉,台9線136k+912m至134k+405m觀音隧道北上,宜蘭縣政府警察局,蘇澳分局
宜蘭縣,南澳鄉,台9線130k+492m觀音隧道南下,宜蘭縣政府警察局,蘇澳分局
宜蘭縣,南澳鄉,台9線135K+910m觀音隧道南下,宜蘭縣政府警察局,蘇澳分局
宜蘭縣,南澳鄉,台9線135K+841m觀音隧道北上,宜蘭縣政府警察局,蘇澳分局
宜蘭縣,南澳鄉,台9線131K+860m至134K+538m觀音隧道南下,宜蘭縣政府警察局,蘇澳分局
宜蘭縣,南澳鄉,台9線134k+405m至131k+849m觀音隧道北上,宜蘭縣政府警察局,蘇澳分局
宜蘭縣,南澳鄉,台9線133k+289m觀音隧道南下,宜蘭縣政府警察局,蘇澳分局
宜蘭縣,南澳鄉,台9線131K+849m至129K+360m觀音隧道北上,宜蘭縣政府警察局,蘇澳分局
宜蘭縣,南澳鄉,台9線133k+174m觀音隧道北上,宜蘭縣政府警察局,蘇澳分局
宜蘭縣,南澳鄉,台9線123ｋ+570ｍ南澳段北上,宜蘭縣政府警察局,蘇澳分局
宜蘭縣,南澳鄉,蘇澳鎮台9線108k+269m至南澳鄉台9線110k+995m東澳隧道南下-2,宜蘭縣政府警察局,蘇澳分局
宜蘭縣,南澳鄉,南澳鄉台9線110k+960m至蘇澳鎮台9線108k+224m東澳隧道北上-1,宜蘭縣政府警察局,蘇澳分局
宜蘭縣,南澳鄉,台9線110k+300m東澳隧道北上,宜蘭縣政府警察局,蘇澳分局
宜蘭縣,南澳鄉,南澳鄉台9線110k+960m至蘇澳鎮台9線108k+224m東澳隧道北上-2,宜蘭縣政府警察局,蘇澳分局
新竹縣,竹北市,竹北市西濱路一段與西濱路二段 265 巷口,新竹縣政府警察局,竹縣警局交通隊
新竹縣,竹北市,中正西路118線3km+500處,新竹縣政府警察局,竹北分局
新竹縣,竹北市,中華路1432號前(台1線65.5公里)南向,新竹縣政府警察局,新湖分局
新竹縣,竹北市,西濱公路與埔和路口(台15線64.4公里)南向,新竹縣政府警察局,新湖分局
新竹縣,竹北市,竹北市台1線中華路佑順加油站前,新竹縣政府警察局,竹北分局
新竹縣,竹北市,台一線大眉南下路口,新竹縣政府警察局,竹北分局
新竹縣,竹北市,中華路212號前(台1線70.1公里),新竹縣政府警察局,竹北分局
新竹縣,竹北市,中華路1138號前,新竹縣政府警察局,竹北分局
新竹縣,竹北市,竹北市興隆路與莊敬南路口(新竹地方法院前),新竹縣政府警察局,竹北分局
新竹縣,竹北市,竹北市自強北路與十興路口,新竹縣政府警察局,竹北分局
新竹縣,竹北市,竹北市光明六路東二段與嘉豐南路一段口,新竹縣政府警察局,竹北分局
新竹縣,竹北市,東興路二段316號前(120線7.1公里)雙向,新竹縣政府警察局,竹北分局
新竹縣,竹東鎮,台三線北上91.2公里,新竹縣政府警察局,竹東分局
新竹縣,竹東鎮,峨嵋鄉89.4公里,新竹縣政府警察局,竹東分局
新竹縣,竹東鎮,中興路四段372號前(122線14公里)西向,新竹縣政府警察局,竹東分局
新竹縣,竹東鎮,台68線12.55公里(快速道路)西向,新竹縣政府警察局,竹東分局
新竹縣,竹東鎮,竹東鎮公道路616號前,新竹縣政府警察局,竹東分局
新竹縣,竹東鎮,台68線12.85公里(快速道路)東向,新竹縣政府警察局,竹東分局
新竹縣,竹東鎮,中盛村路口(台3線86.5公里)南向,新竹縣政府警察局,竹東分局
新竹縣,竹東鎮,台3線中豐路老爺山莊路口,新竹縣政府警察局,竹東分局
新竹縣,竹東鎮,竹122線18KM+160(中興路一段94-2號),新竹縣政府警察局,竹東分局
新竹縣,竹東鎮,竹東鎮台68線竹東匝道口與北興路三段,新竹縣政府警察局,竹東分局
新竹縣,新埔鎮,新埔鎮文山里竹118線12K處,新竹縣政府警察局,新埔分局
新竹縣,新埔鎮,文山路亞東段369號西向,新竹縣政府警察局,新埔分局
新竹縣,新埔鎮,新關路1046巷口東向,新竹縣政府警察局,新埔分局
新竹縣,關西鎮,石光里702號前(118線19.1公里)西向,新竹縣政府警察局,新埔分局
新竹縣,關西鎮,竹118線22.7K,新竹縣政府警察局,新埔分局
新竹縣,關西鎮,南新里新城9鄰1號(台3線62公里)北向,新竹縣政府警察局,新埔分局
新竹縣,關西鎮,190號東光陸橋(台3線60.6公里)南向,新竹縣政府警察局,新埔分局
新竹縣,關西鎮,關西鎮台3線59km,新竹縣政府警察局,新埔分局
新竹縣,關西鎮,關西鎮中豐公路牛欄河6鄰63號,新竹縣政府警察局,新埔分局
新竹縣,湖口鄉,新豐鄉新興路與康樂路口,新竹縣政府警察局,竹縣警局交通隊
新竹縣,湖口鄉,湖口鄉台1線新興路與中華路口65.5公里北上,新竹縣政府警察局,新湖分局
新竹縣,湖口鄉,湖口鄉成功路與三元路路口,新竹縣政府警察局,新湖分局
新竹縣,湖口鄉,八德路一段35號前(台1線61公里)南向,新竹縣政府警察局,新湖分局
新竹縣,湖口鄉,台1線中山路口南向,新竹縣政府警察局,新湖分局
新竹縣,湖口鄉,台1線54KM+900處,新竹縣政府警察局,新湖分局
新竹縣,新豐鄉,新豐鄉新興路與康樂路口,新竹縣政府警察局,新湖分局
新竹縣,新豐鄉,台15線62公里南向,新竹縣政府警察局,新湖分局
新竹縣,芎林鄉,芎林鄉富林路一段竹120線15.5K處,新竹縣政府警察局,橫山分局
新竹縣,芎林鄉,富林路三段、文德路口(120線10.4公里)東向,新竹縣政府警察局,橫山分局
新竹縣,芎林鄉,富林路二段竹林交流道(120線11.5公里)西向,新竹縣政府警察局,橫山分局
新竹縣,橫山鄉,橫山鄉中豐路二段12巷口(台3線),新竹縣政府警察局,橫山分局
新竹縣,橫山鄉,中豐路一段、站前街口(台3線72.9公里)南向,新竹縣政府警察局,橫山分局
新竹縣,寶山鄉,寶山鄉寶山路二段竹83線0km+800,新竹縣政府警察局,竹東分局
新竹縣,寶山鄉,雙林路一般竹47-1線4km處,新竹縣政府警察局,竹東分局
新竹縣,寶山鄉,雙園路2段(竹82線1公里)南向,新竹縣政府警察局,竹東分局
新竹縣,寶山鄉,竹83線4km+150,新竹縣政府警察局,竹東分局
苗栗縣,苗栗市,台13線35.2公里處,苗栗縣警察局,苗栗分局
苗栗縣,苗栗市,新川里柑園5號前處,苗栗縣警察局,苗栗分局
苗栗縣,苗栗市,台13線30.3公里處(苗商後方),苗栗縣警察局,苗栗分局
苗栗縣,苗栗市,台13線31.1公里處(信義街口),苗栗縣警察局,苗栗分局
苗栗縣,苗栗市,英才路與文發路 口,苗栗縣警察局,苗栗分局
苗栗縣,苗栗市,中正路905號前公車停靠區及禁臨停區,苗栗縣警察局,苗栗分局
苗栗縣,苗栗市,台6線(經國路)14.5公里處,苗栗縣警察局,苗栗分局
苗栗縣,苑裡鎮,台1線140.8公里處(臨海路口),苗栗縣警察局,通霄分局
苗栗縣,苑裡鎮,苑北里中山路與成功路口處,苗栗縣警察局,通霄分局
苗栗縣,苑裡鎮,140線與苗47之1線口處,苗栗縣警察局,通霄分局
苗栗縣,苑裡鎮,140線與121線口處,苗栗縣警察局,通霄分局
苗栗縣,苑裡鎮,140線8.1公里處,苗栗縣警察局,通霄分局
苗栗縣,通霄鎮,台1線137.2公里處(五福國小陸橋下),苗栗縣警察局,通霄分局
苗栗縣,通霄鎮,台61線北向122.6公里至115.6公里,苗栗縣警察局,通霄分局
苗栗縣,通霄鎮,台61線南向122.2公里至130.2公里,苗栗縣警察局,通霄分局
苗栗縣,通霄鎮,台1線134.7公里與121線口處,苗栗縣警察局,通霄分局
苗栗縣,通霄鎮,128線2.4公里處,苗栗縣警察局,通霄分局
苗栗縣,通霄鎮,台1線124.8公里處(啟新國中前),苗栗縣警察局,通霄分局
苗栗縣,通霄鎮,台61線114.3公里處,苗栗縣警察局,通霄分局
苗栗縣,竹南鎮,台1線124.1公里處(拱天宮前),苗栗縣警察局,通霄分局
苗栗縣,竹南鎮,台61線90.4公里與苗3-3線路口處,苗栗縣警察局,竹南分局
苗栗縣,竹南鎮,台1己線1.3公里與明勝路口處,苗栗縣警察局,竹南分局
苗栗縣,竹南鎮,台61線91公里快(側)車道與博愛街口處,苗栗縣警察局,竹南分局
苗栗縣,竹南鎮,台61線88.15公里處,苗栗縣警察局,竹南分局
苗栗縣,竹南鎮,台1己線3公里處,苗栗縣警察局,竹南分局
苗栗縣,竹南鎮,環市路與公教路口處（清寧橋前）,苗栗縣警察局,竹南分局
苗栗縣,竹南鎮,竹南火車站前後圓環,苗栗縣警察局,竹南分局
苗栗縣,竹南鎮,台13線永貞路與公園路口處,苗栗縣警察局,竹南分局
苗栗縣,竹南鎮,永貞路與勝利街口處,苗栗縣警察局,竹南分局
苗栗縣,竹南鎮,台13線2.5公里與友義路口處,苗栗縣警察局,竹南分局
苗栗縣,竹南鎮,台1線與苗2線口處(科學路口),苗栗縣警察局,竹南分局
苗栗縣,頭份市,台1線與苗10線口處,苗栗縣警察局,頭份分局
苗栗縣,頭份市,台1線98.3公里處,苗栗縣警察局,頭份分局
苗栗縣,頭份市,台13線12.1公里處（尖山國小前）,苗栗縣警察局,頭份分局
苗栗縣,頭份市,中華路440號處,苗栗縣警察局,頭份分局
苗栗縣,頭份市,台1線95.2公里處(紡安紡織公司口),苗栗縣警察局,頭份分局
苗栗縣,頭份市,中央路(頭份國中前),苗栗縣警察局,頭份分局
苗栗縣,頭份市,台1線91.6公里與科東二路口處,苗栗縣警察局,頭份分局
苗栗縣,頭份市,中華路與自強路口,苗栗縣警察局,頭份分局
苗栗縣,頭份市,正興路與水源路口處,苗栗縣警察局,頭份分局
苗栗縣,頭份市,124甲線與中華路口,苗栗縣警察局,頭份分局
苗栗縣,頭份市,124甲線1公里東向與土牛社區路口處,苗栗縣警察局,頭份分局
苗栗縣,頭份市,124甲線1公里西向與土牛社區路口處,苗栗縣警察局,頭份分局
苗栗縣,頭份市,中正一路與124甲線路口,苗栗縣警察局,頭份分局
苗栗縣,頭份市,124線8.45公里處,苗栗縣警察局,頭份分局
苗栗縣,頭份市,124線9.8公里處,苗栗縣警察局,頭份分局
苗栗縣,頭份市,124線10.75公里處,苗栗縣警察局,頭份分局
苗栗縣,後龍鎮,台61線與苗11線口處,苗栗縣警察局,竹南分局
苗栗縣,後龍鎮,台6線3.7公里處(後龍交流道附近),苗栗縣警察局,竹南分局
苗栗縣,後龍鎮,台1線與成功路口處,苗栗縣警察局,竹南分局
苗栗縣,後龍鎮,台61線97.55公里處,苗栗縣警察局,竹南分局
苗栗縣,後龍鎮,台13甲線12.4公里處,苗栗縣警察局,竹南分局
苗栗縣,卓蘭鎮,台3線142.2公里處,苗栗縣警察局,大湖分局
苗栗縣,卓蘭鎮,台3線146.8公里處（豐田國小旁）,苗栗縣警察局,大湖分局
苗栗縣,大湖鄉,台3線141公里處,苗栗縣警察局,大湖分局
苗栗縣,大湖鄉,台3線137.2公里,苗栗縣警察局,大湖分局
苗栗縣,大湖鄉,台3線與苗55線口處(南湖國小前),苗栗縣警察局,大湖分局
苗栗縣,大湖鄉,台3線131.6公里處,苗栗縣警察局,大湖分局
苗栗縣,大湖鄉,台3線與中原路口處,苗栗縣警察局,大湖分局
苗栗縣,公館鄉,台72線24公里處,苗栗縣警察局,苗栗分局
苗栗縣,公館鄉,119甲線(沿山道)3.4公里處,苗栗縣警察局,苗栗分局
苗栗縣,銅鑼鄉,台13線與苗38－1線口處（外環道與九湖橋頭）,苗栗縣警察局,苗栗分局
苗栗縣,銅鑼鄉,台13線與128線口處,苗栗縣警察局,苗栗分局
苗栗縣,銅鑼鄉,128線與苗27線口處,苗栗縣警察局,苗栗分局
苗栗縣,銅鑼鄉,台72線與119甲線口處,苗栗縣警察局,苗栗分局
苗栗縣,南庄鄉,台3線與苗20線口處,苗栗縣警察局,頭份分局
苗栗縣,頭屋鄉,台13線24.2公里處,苗栗縣警察局,苗栗分局
苗栗縣,三義鄉,140線15.3公里處,苗栗縣警察局,苗栗分局
苗栗縣,三義鄉,140線16.2公里至23.1公里至25.1公里,苗栗縣警察局,苗栗分局
苗栗縣,三義鄉,台13線52.4公里處(龍騰派出所前),苗栗縣警察局,苗栗分局
苗栗縣,三義鄉,140線20.2公里處,苗栗縣警察局,苗栗分局
苗栗縣,造橋鄉,台13甲線北向11公里至9.8公里,苗栗縣警察局,竹南分局
苗栗縣,造橋鄉,台1線102.8公里處（育達科技大學前）,苗栗縣警察局,竹南分局
苗栗縣,造橋鄉,台13甲線10.1公里處,苗栗縣警察局,竹南分局
苗栗縣,造橋鄉,台13甲線南向9.8公里至11公里,苗栗縣警察局,竹南分局
苗栗縣,造橋鄉,台13甲線北向9.5公里至8.3公里,苗栗縣警察局,竹南分局
苗栗縣,造橋鄉,台1線與苗9線口處（談文派出所前）,苗栗縣警察局,竹南分局
苗栗縣,造橋鄉,台13甲線南向8.3公里至9.5公里,苗栗縣警察局,竹南分局
苗栗縣,三灣鄉,台3線102.8公里處,苗栗縣警察局,頭份分局
苗栗縣,三灣鄉,台3線101.5公里處(大河老街口),苗栗縣警察局,頭份分局
苗栗縣,三灣鄉,台3線103.2公里至108公里,苗栗縣警察局,頭份分局
苗栗縣,三灣鄉,台3線104.9公里處,苗栗縣警察局,頭份分局
苗栗縣,三灣鄉,台3線95.5公里處,苗栗縣警察局,頭份分局
苗栗縣,獅潭鄉,台3線108公里處,苗栗縣警察局,大湖分局
苗栗縣,獅潭鄉,台3線114.3公里至122.8公里,苗栗縣警察局,大湖分局
苗栗縣,獅潭鄉,台3線120.9公里處,苗栗縣警察局,大湖分局
苗栗縣,獅潭鄉,台3線115.4公里處,苗栗縣警察局,大湖分局
苗栗縣,獅潭鄉,台3線111.8公里處,苗栗縣警察局,大湖分局
苗栗縣,獅潭鄉,台3線113.5公里處,苗栗縣警察局,大湖分局
苗栗縣,獅潭鄉,台3線113.1公里處(獅潭國中旁),苗栗縣警察局,大湖分局
彰化縣,彰化市,彰化市新平路與環和路口(省道),彰化縣警察局,彰化分局
彰化縣,彰化市,金馬、忠誠路口,彰化縣警察局,彰化分局
彰化縣,彰化市,彰化市中華路與中正路2段路口(省道),彰化縣警察局,彰化分局
彰化縣,彰化市,彰化市金馬路2段與彰新路1段口,彰化縣警察局,彰化分局
彰化縣,彰化市,建國北路,彰化縣警察局,彰化分局
彰化縣,彰化市,中興路與介壽橋口,彰化縣警察局,彰化分局
彰化縣,彰化市,中山、中正路口,彰化縣警察局,彰化分局
彰化縣,彰化市,金馬路一段、泰和路二段415巷口,彰化縣警察局,彰化分局
彰化縣,彰化市,彰化市金馬東路與金馬東路317巷口,彰化縣警察局,彰化分局
彰化縣,彰化市,台1線186.95公里,彰化縣警察局,彰化分局
彰化縣,彰化市,彰化市彰興路1段與聖安路口,彰化縣警察局,彰化分局
彰化縣,彰化市,彰化市縣139線7.7公里處,彰化縣警察局,彰化分局
彰化縣,彰化市,台74甲線3.4公里(機慢車道速限40),彰化縣警察局,彰化分局
彰化縣,彰化市,台74甲線2.2公里(機慢車道速限40),彰化縣警察局,彰化分局
彰化縣,彰化市,台14線、福興路口,彰化縣警察局,彰化分局
彰化縣,鹿港鎮,鹿港鎮彰濱五路2段與臨海路3段,彰化縣警察局,鹿港分局
彰化縣,鹿港鎮,台61線168.1到177公里(快速道路區間測速)(20公噸以上大貨車速限80),彰化縣警察局,鹿港分局
彰化縣,鹿港鎮,台17線31.3公里(長安宮前),彰化縣警察局,鹿港分局
彰化縣,鹿港鎮,鹿港鎮鹿和路2段507號前,彰化縣警察局,鹿港分局
彰化縣,和美鎮,和美鎮和港路與西興路、北明路口,彰化縣警察局,和美分局
彰化縣,和美鎮,和美鎮道周路與鹿和路6段路口,彰化縣警察局,和美分局
彰化縣,和美鎮,和美鎮台61乙與彰新路6段路口,彰化縣警察局,和美分局
彰化縣,和美鎮,和美鎮彰新路5段與嘉卿路口,彰化縣警察局,和美分局
彰化縣,和美鎮,和美鎮濱海路與工一路口,彰化縣警察局,和美分局
彰化縣,和美鎮,和美鎮線東路2段567號（萬生菇寮旁）,彰化縣警察局,和美分局
彰化縣,和美鎮,彰美、中興路口,彰化縣警察局,和美分局
彰化縣,和美鎮,線東路五段291號南側170公尺處,彰化縣警察局,和美分局
彰化縣,線西鄉,台61線170.11公里(快速道路)(20公噸以上大貨車速限80),彰化縣警察局,和美分局
彰化縣,伸港鄉,伸港鄉中興路3段與興工路口,彰化縣警察局,和美分局
彰化縣,伸港鄉,伸港鄉濱海路與工五路口,彰化縣警察局,和美分局
彰化縣,福興鄉,福興鄉沿海路與麥厝街口,彰化縣警察局,鹿港分局
彰化縣,福興鄉,福興鄉臨海路(台17線)與福正路口,彰化縣警察局,鹿港分局
彰化縣,福興鄉,沿海路、龍舟路路口,彰化縣警察局,鹿港分局
彰化縣,福興鄉,福興鄉縣道144線與南環路口,彰化縣警察局,鹿港分局
彰化縣,福興鄉,福興鄉彰鹿路6段與彰鹿路6段314巷路口,彰化縣警察局,鹿港分局
彰化縣,福興鄉,番花路1段885號前(縣道),彰化縣警察局,鹿港分局
彰化縣,福興鄉,台19線、番花路口,彰化縣警察局,鹿港分局
彰化縣,秀水鄉,彰鹿路、民意街口,彰化縣警察局,鹿港分局
彰化縣,秀水鄉,秀水鄉環河南路2段與雅興街路口,彰化縣警察局,鹿港分局
彰化縣,秀水鄉,彰水路1段台19線、安鶴路口,彰化縣警察局,鹿港分局
彰化縣,花壇鄉,台1線194.496K(省道),彰化縣警察局,彰化分局
彰化縣,花壇鄉,台1線198.4公里,彰化縣警察局,彰化分局
彰化縣,花壇鄉,中山路1段95號(福安宮前),彰化縣警察局,彰化分局
彰化縣,花壇鄉,台74甲線與彰員路口(機慢車道速限40),彰化縣警察局,彰化分局
彰化縣,花壇鄉,花壇鄉台74甲線與灣福路口(機慢車道速限40),彰化縣警察局,彰化分局
彰化縣,芬園鄉,彰化縣縣道139線8.537K處,彰化縣警察局,彰化分局
彰化縣,芬園鄉,芬園鄉大彰路與縣安路口,彰化縣警察局,彰化分局
彰化縣,芬園鄉,彰南路5段與環中路9段路口(省道),彰化縣警察局,彰化分局
彰化縣,員林市,員林市員埔路與三潭巷路口,彰化縣警察局,員林分局
彰化縣,員林市,員林市中山路1段與柳橋路2段口,彰化縣警察局,員林分局
彰化縣,員林市,莒光路、員鹿路路口,彰化縣警察局,員林分局
彰化縣,員林市,員林市中山路2段與員林大道5段口,彰化縣警察局,員林分局
彰化縣,員林市,員林市萬年路3段與靜修路口,彰化縣警察局,員林分局
彰化縣,員林市,員林大道(30米外環道)、員集路口,彰化縣警察局,員林分局
彰化縣,員林市,員林市東彰路與員集路口,彰化縣警察局,員林分局
彰化縣,溪湖鎮,溪湖鎮彰水路3段與信善街口,彰化縣警察局,溪湖分局
彰化縣,溪湖鎮,溪湖鎮彰水路台19線、海豐路口,彰化縣警察局,溪湖分局
彰化縣,溪湖鎮,溪湖鎮員鹿路2段與忠溪路口,彰化縣警察局,溪湖分局
彰化縣,田中鎮,田中鎮斗中路與東彰南路4段(彰95高鐵站連接道路)路口,彰化縣警察局,田中分局
彰化縣,田中鎮,縣141線13.3公里南下,彰化縣警察局,田中分局
彰化縣,田中鎮,田中鎮員集路1段與大安路1段路口,彰化縣警察局,田中分局
彰化縣,田中鎮,田中鎮東閔路2段與中南路3段路口,彰化縣警察局,田中分局
彰化縣,大村鄉,台1線201.4公里,彰化縣警察局,員林分局
彰化縣,大村鄉,大村鄉中山路與美港路口,彰化縣警察局,員林分局
彰化縣,大村鄉,大村鄉山腳路與學府路口,彰化縣警察局,員林分局
彰化縣,埔鹽鄉,埔鹽鄉員鹿路3段與大新路口(彰39鄉道),彰化縣警察局,溪湖分局
彰化縣,埔鹽鄉,埔鹽鄉彰水路二段與中山路口,彰化縣警察局,溪湖分局
彰化縣,埔心鄉,埔心鄉員鹿路5段與羅厝路口,彰化縣警察局,溪湖分局
彰化縣,埔心鄉,埔心鄉柳橋東路與瑤鳳路2段416巷口,彰化縣警察局,溪湖分局
彰化縣,埔心鄉,埔心鄉中正路1段與武聖路口,彰化縣警察局,溪湖分局
彰化縣,埔心鄉,埔心鄉員林大道(30米外環道)與員鹿路路口,彰化縣警察局,溪湖分局
彰化縣,永靖鄉,永靖鄉中山路1段與中山路1段 351巷路口,彰化縣警察局,員林分局
彰化縣,社頭鄉,永靖鄉東彰路7段與湳底路口,彰化縣警察局,田中分局
彰化縣,社頭鄉,社頭鄉員集路(縣141線)與崙饒口,彰化縣警察局,田中分局
彰化縣,社頭鄉,社頭鄉 中山路與和平三路口,彰化縣警察局,田中分局
彰化縣,社頭鄉,縣141線6.6公里北上,彰化縣警察局,田中分局
彰化縣,二水鄉,縣152線與二水鄉外環道(外環道路口),彰化縣警察局,田中分局
彰化縣,二水鄉,二水鄉縣141線21.594公里(二水鄉南通路二段398號對面),彰化縣警察局,田中分局
彰化縣,北斗鎮,斗苑路2段、斗苑路2段307巷口,彰化縣警察局,北斗分局
彰化縣,二林鎮,二林鎮二城路6號前,彰化縣警察局,芳苑分局
彰化縣,二林鎮,二林鎮斗苑路4段與太平路1段口,彰化縣警察局,芳苑分局
彰化縣,二林鎮,二林鎮太平路與修心路口(縣道),彰化縣警察局,芳苑分局
彰化縣,田尾鄉,台1線214.6公里南下,彰化縣警察局,北斗分局
彰化縣,田尾鄉,台1線214公里北上,彰化縣警察局,北斗分局
彰化縣,田尾鄉,田尾鄉中山路2段與公園東路口,彰化縣警察局,北斗分局
彰化縣,埤頭鄉,埤頭鄉縣152線16.5公里,彰化縣警察局,北斗分局
彰化縣,埤頭鄉,彰水路、庄子路口,彰化縣警察局,北斗分局
彰化縣,埤頭鄉,埤頭鄉東環路與庄子路282巷路口,彰化縣警察局,北斗分局
彰化縣,埤頭鄉,台19線25.3公里北上東外環,彰化縣警察局,北斗分局
彰化縣,埤頭鄉,埤頭鄉斗苑東路與中南路口,彰化縣警察局,北斗分局
彰化縣,芳苑鄉,台17線與新上路口,彰化縣警察局,芳苑分局
彰化縣,芳苑鄉,芳苑鄉斗苑路頂後段與路平路口,彰化縣警察局,芳苑分局
彰化縣,芳苑鄉,台17線、中正路口,彰化縣警察局,芳苑分局
彰化縣,芳苑鄉,芳苑鄉功湖北路1段與草漢路草1段口,彰化縣警察局,芳苑分局
彰化縣,竹塘鄉,竹塘鄉中央路二段大湖路口,彰化縣警察局,芳苑分局
彰化縣,溪州鄉,溪州鄉中山路1段與彰水路1段口,彰化縣警察局,北斗分局
彰化縣,溪州鄉,台1線219.7公里(溪洲外環道),彰化縣警察局,北斗分局
彰化縣,溪州鄉,台1線218.4公里處(溪州鄉中山路4段287號),彰化縣警察局,北斗分局
南投縣,南投市,139線35.95公里處,南投縣政府警察局,南投分局
南投縣,南投市,南投市139丙線0.5公里處,南投縣政府警察局,南投分局
南投縣,南投市,南投市南崗三路及成功三路口,南投縣政府警察局,南投分局
南投縣,南投市,華陽路850號前,南投縣政府警察局,南投分局
南投縣,南投市,南投市南崗一路與民族路口,南投縣政府警察局,南投分局
南投縣,南投市,東閔路1.35公里,南投縣政府警察局,中興分局
南投縣,南投市,臺3線215.5公里,南投縣政府警察局,南投分局
南投縣,南投市,南投市臺14乙線及南陽路口,南投縣政府警察局,南投分局
南投縣,南投市,名間鄉臺16線及臺3線路口,南投縣政府警察局,南投分局
南投縣,埔里鎮,臺21線49.9公里,南投縣政府警察局,埔里分局
南投縣,埔里鎮,埔里鎮中山路三段、鐵山路、大城路及蘭陽街口,南投縣政府警察局,埔里分局
南投縣,埔里鎮,埔里鎮信義路、中山路三段與南安路口闖紅燈、未依標線指示行駛及測速,南投縣政府警察局,埔里分局
南投縣,埔里鎮,埔里鎮中山路三段與大城路口,南投縣政府警察局,埔里分局
南投縣,埔里鎮,埔里鎮和平東路與中正路口闖紅燈、違規停(臨)車、未依標線指示行駛、測速,南投縣政府警察局,埔里分局
南投縣,埔里鎮,埔里鎮中山路一段及信義路口,南投縣政府警察局,埔里分局
南投縣,草屯鎮,臺14乙線5.9公里,南投縣政府警察局,草屯分局
南投縣,草屯鎮,草屯鎮新豐路、博愛路及仁愛街口,南投縣政府警察局,草屯分局
南投縣,草屯鎮,臺63甲線1.2公里,南投縣政府警察局,草屯分局
南投縣,草屯鎮,草屯鎮成功路、草溪路及中興路口,南投縣政府警察局,草屯分局
南投縣,草屯鎮,草屯鎮成功路及博愛路口,南投縣政府警察局,草屯分局
南投縣,草屯鎮,草屯鎮臺3甲、太平路及中興路口,南投縣政府警察局,草屯分局
南投縣,草屯鎮,草屯鎮中正路與博愛路口,南投縣政府警察局,草屯分局
南投縣,草屯鎮,草屯鎮富林路一段579號,南投縣政府警察局,草屯分局
南投縣,草屯鎮,草屯鎮中正路與大覺路口,南投縣政府警察局,草屯分局
南投縣,草屯鎮,臺14線富功國小前,南投縣政府警察局,草屯分局
南投縣,草屯鎮,東草屯交流道永安路1.8公里闖紅燈、未依標線指示行駛及測速,南投縣政府警察局,草屯分局
南投縣,竹山鎮,大明路與前山路口闖紅燈及未依標線指示行駛,南投縣政府警察局,竹山分局
南投縣,竹山鎮,大明路與枋坪巷口(克明宮前),南投縣政府警察局,竹山分局
南投縣,竹山鎮,竹山鎮集山路三段與大智路口,南投縣政府警察局,竹山分局
南投縣,竹山鎮,社寮產業運輸道路2.15公里處,南投縣政府警察局,竹山分局
南投縣,竹山鎮,臺3線227.7公里,南投縣政府警察局,竹山分局
南投縣,竹山鎮,社寮產業運輸道路4.5公里處,南投縣政府警察局,竹山分局
南投縣,集集鎮,臺16線2.37公里,南投縣政府警察局,集集分局
南投縣,集集鎮,臺16線4.8公里闖紅燈、未依標線指示行駛及測速,南投縣政府警察局,集集分局
南投縣,集集鎮,臺16線與集鹿路口,南投縣政府警察局,集集分局
南投縣,名間鄉,彰南路與名松路一段路口,南投縣政府警察局,南投分局
南投縣,鹿谷鄉,鹿谷鄉151線10.07公里處,南投縣政府警察局,竹山分局
南投縣,中寮鄉,中寮鄉139線47.5公里處,南投縣政府警察局,草屯分局
南投縣,魚池鄉,魚池鄉臺21線53.9K至51.1K(區間測速),南投縣政府警察局,集集分局
南投縣,國姓鄉,國姓鄉臺14線40.1公里處,南投縣政府警察局,埔里分局
南投縣,水里鄉,水里鄉臺16線27.5公里,南投縣政府警察局,集集分局
南投縣,信義鄉,臺21線93.1公里處(臺21線與敦福路口),南投縣政府警察局,信義分局
南投縣,仁愛鄉,仁愛鄉臺14線70.7公里處,南投縣政府警察局,仁愛分局
南投縣,仁愛鄉,臺14甲線7.95公里處,南投縣政府警察局,仁愛分局
雲林縣,,臺61線南下218k+250m至226k+250m(區間平均速率自動偵測照相系統路段),雲林縣警察局,臺西分局
雲林縣,斗六市,台1丁線公路與久安路口,雲林縣警察局,斗六分局
雲林縣,斗六市, 莿桐鄉臺 1 丁線中正路與農校路 口(莿桐國中旁),雲林縣警察局,斗六分局
雲林縣,斗六市,斗六市西平路與正心路口,雲林縣警察局,斗六分局
雲林縣,斗六市,斗六市明德路與公明路路口,雲林縣警察局,斗六分局
雲林縣,斗六市,大學路與雲林科技大學前路口,雲林縣警察局,斗六分局
雲林縣,斗六市,斗六市大學路與中山路路口,雲林縣警察局,斗六分局
雲林縣,斗六市,斗六市大學路與鎮南路路口,雲林縣警察局,斗六分局
雲林縣,斗六市,斗六市鎮北路與明德北路,雲林縣警察局,斗六分局
雲林縣,斗六市,台3線公路252k+65m處,雲林縣警察局,斗六分局
雲林縣,斗六市,斗六市明德北路與育英北街路口,雲林縣警察局,斗六分局
雲林縣,斗六市,154乙縣道13k+200m處(環科大前),雲林縣警察局,斗六分局
雲林縣,斗六市,斗六市台3線公路與成功路口,雲林縣警察局,斗六分局
雲林縣,斗六市,斗六市雲科路一段與科班路路口(158縣道43.7K),雲林縣警察局,斗六分局
雲林縣,斗六市,台3線公路248k+970m處,雲林縣警察局,斗六分局
雲林縣,斗南鎮,台78線快速公路29k+400m處(西向東),雲林縣警察局,斗南分局
雲林縣,斗南鎮,台78線快速公路29k+400m處(東向西),雲林縣警察局,斗南分局
雲林縣,斗南鎮,斗南鎮延平路與大同路路口,雲林縣警察局,斗南分局
雲林縣,斗南鎮,斗南鎮延平路與大業路路口,雲林縣警察局,斗南分局
雲林縣,斗南鎮,斗南鎮延平路與光華路路口,雲林縣警察局,斗南分局
雲林縣,斗南鎮,台1線公路與文昌路口(南向北),雲林縣警察局,斗南分局
雲林縣,斗南鎮,台1線公路與文昌路口(北向南),雲林縣警察局,斗南分局
雲林縣,斗南鎮,斗南鎮台1丁線12k+800m(新光陸橋-斗南往斗六),雲林縣警察局,斗南分局
雲林縣,斗南鎮,斗南鎮新生二路東明橋北端,雲林縣警察局,斗南分局
雲林縣,斗南鎮,斗南鎮台1丁線12k+700m(新光陸橋東側-斗六往斗南),雲林縣警察局,斗南分局
雲林縣,虎尾鎮,台19線56k+190m(信吉加油站旁),雲林縣警察局,虎尾分局
雲林縣,虎尾鎮,虎尾鎮 158 縣道與雲 97 鄉道路口 (21k+630m 處),雲林縣警察局,虎尾分局
雲林縣,虎尾鎮,科虎三路18號(元翎科技公司),保二總隊,保二三大隊
雲林縣,虎尾鎮,虎尾鎮文科路與廉使路路口,雲林縣警察局,虎尾分局
雲林縣,虎尾鎮,虎尾鎮工專路與四維街口,雲林縣警察局,虎尾分局
雲林縣,虎尾鎮,虎尾鎮林森路一段與公安路口,雲林縣警察局,虎尾分局
雲林縣,虎尾鎮,158縣道與博愛路口,雲林縣警察局,虎尾分局
雲林縣,虎尾鎮,158縣道與林森路一段路口,雲林縣警察局,虎尾分局
雲林縣,虎尾鎮,虎尾鎮文科路與光復路路口,雲林縣警察局,虎尾分局
雲林縣,虎尾鎮,145乙縣道與雲71線路口前(東向西),雲林縣警察局,虎尾分局
雲林縣,虎尾鎮,台1線公路與雲74線路口(惠來派出所前),雲林縣警察局,虎尾分局
雲林縣,西螺鎮,西螺鎮 145 縣道 16k+650m 處,雲林縣警察局,西螺分局
雲林縣,西螺鎮,154甲縣道1k處(高鐵橋下),雲林縣警察局,西螺分局
雲林縣,西螺鎮,145縣道與福來路20巷路口(12.6k處-北向),雲林縣警察局,西螺分局
雲林縣,西螺鎮,西螺鎮中山路與公正路(西螺轉運站),雲林縣警察局,西螺分局
雲林縣,西螺鎮,西螺鎮大同路與興農東(西)路口,雲林縣警察局,西螺分局
雲林縣,西螺鎮,台1線公路與振興路口(北向南),雲林縣警察局,西螺分局
雲林縣,西螺鎮,台1線公路與振興路口(南向北),雲林縣警察局,西螺分局
雲林縣,土庫鎮,158縣道18k處,雲林縣警察局,虎尾分局
雲林縣,土庫鎮,土庫鎮 145 縣道 32 公里處,雲林縣警察局,虎尾分局
雲林縣,土庫鎮,145縣道29k處(土庫外環道),雲林縣警察局,虎尾分局
雲林縣,土庫鎮,土庫鎮建國路與林森路路口,雲林縣警察局,虎尾分局
雲林縣,北港鎮,北港鎮台 19 線與民生路口 (北港國中旁),雲林縣警察局,北港分局
雲林縣,北港鎮,台19線公路與145線道路口,雲林縣警察局,北港分局
雲林縣,北港鎮,北港鎮僑美國小(臺 19 線華勝路),雲林縣警察局,北港分局
雲林縣,北港鎮,北港鎮145縣道40k+750m處,雲林縣警察局,北港分局
雲林縣,大埤鄉,大埤鄉157線公路2k+130m,雲林縣警察局,斗南分局
雲林縣,大埤鄉,台1線公路247k+500m處(豐田段),雲林縣警察局,斗南分局
雲林縣,大埤鄉,台1線公路246k+400m處(豐田段),雲林縣警察局,斗南分局
雲林縣,莿桐鄉,台1線公路235k+592m處,雲林縣警察局,斗六分局
雲林縣,莿桐鄉,莿桐鄉臺 1 線與中正路口,雲林縣警察局,斗六分局
雲林縣,莿桐鄉,台1線公路與中正路口,雲林縣警察局,斗六分局
雲林縣,莿桐鄉,156縣道與莿桐外環道(孩沙里)路口,雲林縣警察局,斗六分局
雲林縣,莿桐鄉,台1丁線公路與農校路口,雲林縣警察局,斗六分局
雲林縣,林內鄉,台3線公路238k+268m處,雲林縣警察局,斗六分局
雲林縣,二崙鄉,二崙鄉台19線公路40km+200m,雲林縣警察局,西螺分局
雲林縣,二崙鄉,二崙鄉裕民路,雲林縣警察局,西螺分局
雲林縣,崙背鄉,崙背鄉156縣道7k+700m,雲林縣警察局,西螺分局
雲林縣,麥寮鄉,工業路與雲3號路口(西向東),雲林縣警察局,臺西分局
雲林縣,麥寮鄉,工業路與4k+500m處路口,雲林縣警察局,臺西分局
雲林縣,麥寮鄉,麥寮鄉台17線公路與工業路口,雲林縣警察局,臺西分局
雲林縣,麥寮鄉,台17線公路與工業路口,雲林縣警察局,臺西分局
雲林縣,麥寮鄉,台17線公路與154縣道路口(橋頭),雲林縣警察局,臺西分局
雲林縣,東勢鄉,雲113公路湖東橋前路段,雲林縣警察局,臺西分局
雲林縣,東勢鄉,新坤路與158甲縣道路口,雲林縣警察局,臺西分局
雲林縣,東勢鄉,東勢鄉 153 縣道安南與昌南路口 (4k+700m 處),雲林縣警察局,臺西分局
雲林縣,東勢鄉,153縣道1k處,雲林縣警察局,臺西分局
雲林縣,東勢鄉,東勢鄉153縣道與158甲縣道路口,雲林縣警察局,臺西分局
雲林縣,東勢鄉,153線與158甲線縣道路口,雲林縣警察局,臺西分局
雲林縣,東勢鄉,153縣道嘉勝路與守密街路口(南向),雲林縣警察局,臺西分局
雲林縣,東勢鄉,台78線快速公路13k處(西向東),雲林縣警察局,臺西分局
雲林縣,東勢鄉,台78線快速公路13k處(東向西),雲林縣警察局,臺西分局
雲林縣,褒忠鄉,台19線公路53k+500m處,雲林縣警察局,虎尾分局
雲林縣,臺西鄉,155縣道民權路47-8號前,雲林縣警察局,臺西分局
雲林縣,臺西鄉,155縣道4k+800m處,雲林縣警察局,臺西分局
雲林縣,臺西鄉,臺西鄉台61線快速道路226K+850m,雲林縣警察局,臺西分局
雲林縣,元長鄉,元長鄉台19線64k+450m,雲林縣警察局,虎尾分局
雲林縣,元長鄉,元長鄉臺 19 線與雲 168 線路口,雲林縣警察局,虎尾分局
雲林縣,元長鄉,元長鄉縣道 145 線與雲 172 線 路口(客厝國小旁),雲林縣警察局,虎尾分局
雲林縣,元長鄉,160縣道20k+947m處(子茂段),雲林縣警察局,虎尾分局
雲林縣,四湖鄉,155線四湖國中前,雲林縣警察局,臺西分局
雲林縣,四湖鄉,四湖鄉 160 縣道 12k+600m 處,雲林縣警察局,臺西分局
雲林縣,口湖鄉,口湖鄉台61線快速道路246K+100m,雲林縣警察局,北港分局
雲林縣,口湖鄉,台17線公路97k+842m處,雲林縣警察局,北港分局
雲林縣,水林鄉,雲 156 縣道 1k+700m (水林鄉 51-2 號),雲林縣警察局,北港分局
嘉義縣,太保市,台18線1.5K(往西),嘉義縣警察局,嘉縣警局交通隊
嘉義縣,太保市,太保市159線與嘉64線路口,嘉義縣警察局,
嘉義縣,朴子市,朴子市光復新路與台19線路口,嘉義縣警察局,嘉縣警局交通隊
嘉義縣,朴子市,朴子市168線與157線路口,嘉義縣警察局,嘉縣警局交通隊
嘉義縣,朴子市,朴子市168線與朴子七路路口,嘉義縣警察局,嘉縣警局交通隊
嘉義縣,大林鎮,大林鎮台1線與中山路口,嘉義縣警察局,嘉縣警局交通隊
嘉義縣,大林鎮,大林鎮162線10.953K,嘉義縣警察局,嘉縣警局交通隊
嘉義縣,民雄鄉,民雄鄉164線與嘉81路口,嘉義縣警察局,嘉縣警局交通隊
嘉義縣,民雄鄉,民雄鄉台1線258K與東榮路口,嘉義縣警察局,嘉縣警局交通隊
嘉義縣,民雄鄉,民雄鄉台1線與164線路口,嘉義縣警察局,嘉縣警局交通隊
嘉義縣,民雄鄉,民雄鄉台1線255.5K(鎮北段),嘉義縣警察局,嘉縣警局交通隊
嘉義縣,民雄鄉,民雄鄉台1線與中山路工業一路口,嘉義縣警察局,嘉縣警局交通隊
嘉義縣,民雄鄉,民雄鄉大學路一段與正大路一段路口,嘉義縣警察局,嘉縣警局交通隊
嘉義縣,民雄鄉,民雄鄉166線與嘉109線路口,嘉義縣警察局,嘉縣警局交通隊
嘉義縣,新港鄉,159線新港鄉南壇斷水月橋,嘉義縣警察局,嘉縣警局交通隊
嘉義縣,新港鄉,159線南壇段水月橋,嘉義縣警察局,民雄分局
嘉義縣,新港鄉,新港鄉159線與166線路口,嘉義縣警察局,嘉縣警局交通隊
嘉義縣,六腳鄉,六腳鄉157線29.8K(蒜頭大橋),嘉義縣警察局,嘉縣警局交通隊
嘉義縣,六腳鄉,台19線73.1K(六美國小),嘉義縣警察局,朴子分局
嘉義縣,東石鄉,台61線東石鄉264.336K處(往北),嘉義縣警察局,嘉縣警局交通隊
嘉義縣,東石鄉,台61線東石鄉257.31K處(往南),嘉義縣警察局,嘉縣警局交通隊
嘉義縣,東石鄉,台82線4.65K,嘉義縣警察局,朴子分局
嘉義縣,東石鄉,東石鄉157線與嘉7線路口,嘉義縣警察局,嘉縣警局交通隊
嘉義縣,鹿草鄉,鹿草鄉163線21.65K,嘉義縣警察局,嘉縣警局交通隊
嘉義縣,水上鄉,水上鄉台1線277.51K(南靖段),嘉義縣警察局,嘉縣警局交通隊
嘉義縣,水上鄉,水上鄉台1線275.3K龍德路口,嘉義縣警察局,水上分局
嘉義縣,水上鄉,水上鄉台1線與168線路口,嘉義縣警察局,
嘉義縣,中埔鄉,中埔鄉忠義路與大義路口,嘉義縣警察局,嘉縣警局交通隊
嘉義縣,中埔鄉,番路鄉台18線30.02K日安社區路口,嘉義縣警察局,中埔分局
嘉義縣,中埔鄉,中埔鄉台3線305.8K,嘉義縣警察局,
嘉義縣,梅山鄉,台3線272.2K(大南國小),嘉義縣警察局,竹崎分局
嘉義縣,大埔鄉,曾文水庫道路9.8k,保七總隊,保七二大隊
屏東縣,屏東市,堤防路段南北雙向,屏東縣政府警察局,屏東分局
屏東縣,屏東市,189線10.1K大溪路口南下,屏東縣政府警察局,屏東分局
屏東縣,屏東市,高屏大橋屏東端南北雙向,屏東縣政府警察局,屏東分局
屏東縣,屏東市,台1線建國路與和生路口,屏東縣政府警察局,屏東分局
屏東縣,屏東市,屏東市機場北路500號前,屏東縣政府警察局,屏東分局
屏東縣,屏東市,屏東市屏42線4.6K機場北路段,屏東縣政府警察局,屏東分局
屏東縣,屏東市,台27線62.1K公館外環道南北雙向,屏東縣政府警察局,屏東分局
屏東縣,屏東市,台27線59.73K復興南路與公成路南北雙向,屏東縣政府警察局,屏東分局
屏東縣,屏東市,屏東市逢甲路與復興路口,屏東縣政府警察局,屏東分局
屏東縣,屏東市,屏東市復興北路與逢甲路口,屏東縣政府警察局,屏東分局
屏東縣,屏東市,屏東市中正路與勝利路口,屏東縣政府警察局,屏東分局
屏東縣,屏東市,屏東市中正路與勝利路口,屏東縣政府警察局,屏東分局
屏東縣,屏東市,台3線429.8K忠孝路段南北雙向,屏東縣政府警察局,
屏東縣,屏東市,屏東市和生路一段與工業六路口南下,屏東縣政府警察局,屏東分局
屏東縣,屏東市,屏東市台3線428.15K處,屏東縣政府警察局,屏東分局
屏東縣,屏東市,屏東市台3線428.15K處,屏東縣政府警察局,屏東分局
屏東縣,屏東市,台3線428.8K海豐果菜市場附近南北雙向,屏東縣政府警察局,屏東分局
屏東縣,屏東市,屏東市民生路與瑞民路口,屏東縣政府警察局,屏東分局
屏東縣,屏東市,屏東市民生東路與安心四橫巷口,屏東縣政府警察局,
屏東縣,屏東市,屏東市民生東路與安心四橫巷口,屏東縣政府警察局,屏東分局
屏東縣,屏東市,屏東市屏17線10K,屏東縣政府警察局,屏縣警局交通隊
屏東縣,潮州鎮,台一線417.5K潮州段南北雙向,屏東縣政府警察局,潮州分局
屏東縣,潮州鎮,屏85線與屏83線路口南下,屏東縣政府警察局,潮州分局
屏東縣,潮州鎮,台一線415K南北雙向,屏東縣政府警察局,潮州分局
屏東縣,潮州鎮,潮州鎮185甲線15.62K處,屏東縣政府警察局,
屏東縣,東港鎮,大鵬灣環灣道路3K南北雙向處,屏東縣政府警察局,東港分局
屏東縣,東港鎮,中正路三段與新厝路,屏東縣政府警察局,東港分局
屏東縣,東港鎮,台17線258.5K東港大鵬灣段南北雙向,屏東縣政府警察局,東港分局
屏東縣,東港鎮,大鵬灣環灣道路12K處南北雙向,屏東縣政府警察局,東港分局
屏東縣,恆春鎮,台26線20K省北路二段南北雙向,屏東縣政府警察局,恆春分局
屏東縣,恆春鎮,台26線22.9K南北雙向,屏東縣政府警察局,恆春分局
屏東縣,恆春鎮,台26線28.8公里處南北雙向,屏東縣政府警察局,恆春分局
屏東縣,恆春鎮,台26線28K核三廠前北上,屏東縣政府警察局,恆春分局
屏東縣,恆春鎮,台26線31.11K南灣段,屏東縣政府警察局,恆春分局
屏東縣,萬丹鄉,萬丹鄉188線16.65K萬順路一段東西雙向,屏東縣政府警察局,屏東分局
屏東縣,萬丹鄉,萬丹鄉西環路與和平西路口,屏東縣政府警察局,屏東分局
屏東縣,萬丹鄉,台27線65.6K丹榮路段南北雙向,屏東縣政府警察局,屏東分局
屏東縣,萬丹鄉,萬丹鄉187甲線14.67K大學路段南北雙向,屏東縣政府警察局,屏東分局
屏東縣,長治鄉,屏21線神農西路段南北雙向,屏東縣政府警察局,屏東分局
屏東縣,長治鄉,屏21線農科路與神農西路口,屏東縣政府警察局,屏東分局
屏東縣,長治鄉,屏26線神農德華路口東西雙向,屏東縣政府警察局,屏東分局
屏東縣,長治鄉,台24線7.98K長治鄉中興路段東西雙向,屏東縣政府警察局,屏東分局
屏東縣,麟洛鄉,麟洛鄉中山路與民權路口,屏東縣政府警察局,
屏東縣,九如鄉,台3線427.4K九如機場西側外環道南下,屏東縣政府警察局,里港分局
屏東縣,九如鄉,台3線426.3K九如玉水路段南北雙向,屏東縣政府警察局,里港分局
屏東縣,九如鄉,台三線423.66K九如林森路口南下,屏東縣政府警察局,里港分局
屏東縣,里港鄉,台3線里港鄉420.5K處南北雙向,屏東縣政府警察局,里港分局
屏東縣,里港鄉,里港鄉台3線418.9K鐵店路口南下,屏東縣政府警察局,里港分局
屏東縣,里港鄉,里港鄉台3線415.7K北向,屏東縣政府警察局,里港分局
屏東縣,里港鄉,里港鄉台3線415.7K南向,屏東縣政府警察局,里港分局
屏東縣,里港鄉,台3線414.7K土庫段南北雙向,屏東縣政府警察局,里港分局
屏東縣,鹽埔鄉,台27線45K鹽埔彭厝路段南北雙向,屏東縣政府警察局,里港分局
屏東縣,鹽埔鄉,台24線14.87K東西雙向,屏東縣政府警察局,屏東分局
屏東縣,高樹鄉,高樹鄉185線0.95K處,屏東縣政府警察局,里港分局
屏東縣,萬巒鄉,萬巒鄉185線39.43K處,屏東縣政府警察局,
屏東縣,內埔鄉,台一線405.4K內埔豐田段南北雙向,屏東縣政府警察局,內埔分局
屏東縣,內埔鄉,台1線408.7公里學人路段,屏東縣政府警察局,內埔分局
屏東縣,內埔鄉,台1線408.7公里學人路段,屏東縣政府警察局,內埔分局
屏東縣,內埔鄉,內埔屏光路與復興路口,屏東縣政府警察局,內埔分局
屏東縣,內埔鄉,屏東縣187丙線17.4K科大路南北雙向,屏東縣政府警察局,內埔分局
屏東縣,竹田鄉,189線20.1K大湖橋北上,屏東縣政府警察局,潮州分局
屏東縣,竹田鄉,台88線20.6K快速道路南下,屏東縣政府警察局,潮州分局
屏東縣,竹田鄉,台88線20.6K快速道路北上,屏東縣政府警察局,潮州分局
屏東縣,竹田鄉,台一線410.97K水源路段南北雙向,屏東縣政府警察局,潮州分局
屏東縣,新埤鄉,新埤鄉189線31.85K北向,屏東縣政府警察局,潮州分局
屏東縣,新埤鄉,新埤鄉189線31.85K南向,屏東縣政府警察局,潮州分局
屏東縣,新埤鄉,新埤鄉屏112線2.58K處,屏東縣政府警察局,潮州分局
屏東縣,新埤鄉,新埤鄉185線50.56K處,屏東縣政府警察局,
屏東縣,新埤鄉,新埤鄉185線56.9K處,屏東縣政府警察局,屏縣警局交通隊
屏東縣,枋寮鄉,台一線435.6k南北雙向,屏東縣政府警察局,枋寮分局
屏東縣,枋寮鄉,枋寮鄉185線62.62K處,屏東縣政府警察局,
屏東縣,新園鄉,台17線253.5K與學仁路口北上,屏東縣政府警察局,東港分局
屏東縣,新園鄉,台17線東港大橋端,屏東縣政府警察局,東港分局
屏東縣,新園鄉,台27線74.3K興安段北向,屏東縣政府警察局,東港分局
屏東縣,新園鄉,台27線74.3K興安段南向,屏東縣政府警察局,東港分局
屏東縣,新園鄉,台27線71.1K仙公廟南北雙向,屏東縣政府警察局,東港分局
屏東縣,崁頂鄉,崁頂鄉187線32K南北雙向,屏東縣政府警察局,東港分局
屏東縣,崁頂鄉,屏75線3.8K與崁頂南二高平面道路路口南下,屏東縣政府警察局,東港分局
屏東縣,崁頂鄉,屏75線3.9K與崁頂南二高平面道路路口北上,屏東縣政府警察局,東港分局
屏東縣,南州鄉,南州鄉187乙線19.66K處,屏東縣政府警察局,東港分局
屏東縣,南州鄉,187乙線南州鄉勝利路段,屏東縣政府警察局,東港分局
屏東縣,佳冬鄉,台一線428.9k南北雙向,屏東縣政府警察局,枋寮分局
屏東縣,佳冬鄉,台1線429.5K-433K戰備跑道南向(區間測速),屏東縣政府警察局,枋寮分局
屏東縣,佳冬鄉,佳和路與佳農路口,屏東縣政府警察局,枋寮分局
屏東縣,佳冬鄉,台一線431.07K戰備道南北雙向,屏東縣政府警察局,枋寮分局
屏東縣,佳冬鄉,台1線433K-429.5K戰備跑道北向(區間測速),屏東縣政府警察局,枋寮分局
屏東縣,車城鄉,台26線16.5K車城分駐所前南下,屏東縣政府警察局,恆春分局
屏東縣,滿州鄉,滿州鄉屏200線8.2K處,屏東縣政府警察局,恆春分局
屏東縣,枋山鄉,台一線444.29K,屏東縣政府警察局,屏縣警局交通隊
屏東縣,枋山鄉,台一線460.2K楓港段南北雙向,屏東縣政府警察局,枋寮分局
屏東縣,枋山鄉,台26線3.7k南北雙向,屏東縣政府警察局,枋寮分局
屏東縣,枋山鄉,台26線7.87K,屏東縣政府警察局,屏縣警局交通隊
屏東縣,枋山鄉,台26線7.87K,屏東縣政府警察局,屏縣警局交通隊
屏東縣,瑪家鄉,185線32.13K佳義路段南北雙向,屏東縣政府警察局,內埔分局
屏東縣,獅子鄉,台一線447.89K內獅段南北雙向,屏東縣政府警察局,枋寮分局
屏東縣,獅子鄉,台26線尖山段13.7K-8.5K北向(區間測速),屏東縣政府警察局,枋寮分局
屏東縣,獅子鄉,台26線尖山段8.4K-13.2K南向(區間測速),屏東縣政府警察局,枋寮分局
屏東縣,獅子鄉,台9線446.4K丹路外環道,屏東縣政府警察局,枋寮分局
屏東縣,獅子鄉,台9線468.1K丹路段,屏東縣政府警察局,枋寮分局
屏東縣,獅子鄉,台9線草埔國小前,屏東縣政府警察局,屏縣警局交通隊
屏東縣,獅子鄉,獅子鄉台9線460.1K草埔橋口,屏東縣政府警察局,
屏東縣,獅子鄉,台9線草埔森永隧道437.2-434.3K北向(區間測速),屏東縣政府警察局,
屏東縣,獅子鄉,獅子鄉台9線436.53K草埔隧道南向,屏東縣政府警察局,
屏東縣,獅子鄉,獅子鄉台9線436.58K草埔隧道北向,屏東縣政府警察局,
屏東縣,獅子鄉,台9線草埔森永隧道434.4K-437.2 K南向(區間測速),屏東縣政府警察局,
臺東縣,臺東市,臺9線373.73K(建和國小前),臺東縣警察局,臺東分局
臺東縣,臺東市,臺9線369.95K(蘇巴陽段),臺東縣警察局,臺東分局
臺東縣,臺東市,臺11線176K(知本派出所前),臺東縣警察局,臺東分局
臺東縣,臺東市,臺11線174.05K(知本開發隊),臺東縣警察局,臺東分局
臺東縣,臺東市,臺9線365.23K(體育中學前),臺東縣警察局,臺東分局
臺東縣,臺東市,臺11線172K(大學路口),臺東縣警察局,臺東分局
臺東縣,臺東市,臺9線353.21K(綠色隧道北端),臺東縣警察局,臺東分局
臺東縣,臺東市,臺9線362.65K(中興陸橋南端),臺東縣警察局,臺東分局
臺東縣,臺東市,臺11線170.1K(豐源大橋),臺東縣警察局,臺東分局
臺東縣,臺東市,臺9線354.63K(十股段),臺東縣警察局,臺東分局
臺東縣,臺東市,東49-1線與臺東市更生北路633巷路口(南王橋),臺東縣警察局,臺東分局
臺東縣,臺東市,臺11線168K(台糖加油站北方),臺東縣警察局,臺東分局
臺東縣,臺東市,中興路2段138巷與水防道路岔口處(太平溪右岸光明社區),臺東縣警察局,臺東分局
臺東縣,臺東市,馬亨亨大道(貓山段),臺東縣警察局,臺東分局
臺東縣,臺東市,臺11線158.884K(富岡段),臺東縣警察局,臺東分局
臺東縣,成功鎮,臺11線129.61至126.13K(小馬),臺東縣警察局,成功分局
臺東縣,成功鎮,臺11線126.13K至129.61(小馬),臺東縣警察局,成功分局
臺東縣,成功鎮,臺11線123.75K(都歷段),臺東縣警察局,成功分局
臺東縣,成功鎮,臺11線114K(大同路與漢口街口),臺東縣警察局,成功分局
臺東縣,成功鎮,臺11線112.4K(芝田段),臺東縣警察局,成功分局
臺東縣,成功鎮,臺11線106.95K(美山段),臺東縣警察局,成功分局
臺東縣,關山鎮,臺9線324.5K（瑞豐所前）,臺東縣警察局,關山分局
臺東縣,關山鎮,臺9線321.17K（月眉）,臺東縣警察局,關山分局
臺東縣,關山鎮,臺9線315.82K（米國學校）,臺東縣警察局,關山分局
臺東縣,卑南鄉,臺9乙線7.4k(利嘉段),臺東縣警察局,臺東分局
臺東縣,卑南鄉,臺9線350.73k(美濃段),臺東縣警察局,臺東分局
臺東縣,卑南鄉,臺9線352.33K(賓朗段),臺東縣警察局,臺東分局
臺東縣,卑南鄉,臺11線152.58K(莿桐段),臺東縣警察局,臺東分局
臺東縣,鹿野鄉,臺9線340.89K（鹿鳴橋北端）,臺東縣警察局,關山分局
臺東縣,鹿野鄉,臺9線340.37K（四維段）,臺東縣警察局,關山分局
臺東縣,鹿野鄉,臺9線333.85K(鹿野),臺東縣警察局,關山分局
臺東縣,鹿野鄉,臺9線330.89K（永隆段）,臺東縣警察局,關山分局
臺東縣,池上鄉,臺9線309.21K(新興段),臺東縣警察局,關山分局
臺東縣,池上鄉,臺9線307.55K(池上),臺東縣警察局,關山分局
臺東縣,東河鄉,臺11線141.7K(興隆國小前),臺東縣警察局,成功分局
臺東縣,東河鄉,臺11線137.48K(隆昌段),臺東縣警察局,成功分局
臺東縣,長濱鄉,臺30線27.7K(玉長公路),臺東縣警察局,成功分局
臺東縣,長濱鄉,臺11線97.15K(烏石鼻),臺東縣警察局,成功分局
臺東縣,長濱鄉,臺11線94.42K（八桑安）,臺東縣警察局,成功分局
臺東縣,長濱鄉,臺11線90.95K(竹湖段),臺東縣警察局,成功分局
臺東縣,長濱鄉,臺11線84.13K（長光段）,臺東縣警察局,成功分局
臺東縣,長濱鄉,臺11線78.3K(大俱來),臺東縣警察局,成功分局
臺東縣,太麻里鄉,臺9線405.74K(大溪段),臺東縣警察局,大武分局
臺東縣,太麻里鄉,臺9線398.65K(金崙大橋南端),臺東縣警察局,大武分局
臺東縣,太麻里鄉,臺9線391.88K(新香蘭段),臺東縣警察局,大武分局
臺東縣,太麻里鄉,臺9線390.32K(香蘭國小),臺東縣警察局,大武分局
臺東縣,太麻里鄉,臺9線388.24K (太麻里街口),臺東縣警察局,大武分局
臺東縣,太麻里鄉,臺9線385.38K(北里段),臺東縣警察局,大武分局
臺東縣,太麻里鄉,臺9線383.65K(代天宮),臺東縣警察局,大武分局
臺東縣,太麻里鄉,臺9線380.97K(華源段),臺東縣警察局,大武分局
臺東縣,太麻里鄉,臺9線379.43K(三和國小),臺東縣警察局,大武分局
臺東縣,太麻里鄉,臺9線378K(美和所前),臺東縣警察局,大武分局
臺東縣,大武鄉,臺9線417.86K(大武國中),臺東縣警察局,大武分局
臺東縣,大武鄉,臺9線415.75K(大鳥村口),臺東縣警察局,大武分局
臺東縣,達仁鄉,臺9線433.72K（草埔森永隧道南下）,臺東縣警察局,大武分局
臺東縣,達仁鄉,臺9線433.72K(草埔森永隧道北上),臺東縣警察局,大武分局
臺東縣,達仁鄉,臺9戊線9.92K(壽卡休憩亭)至3.94K森永區間測速,臺東縣警察局,大武分局
臺東縣,達仁鄉,臺9戊線3.94K(森永所)至9.92K壽卡休息亭區間測速,臺東縣警察局,大武分局
臺東縣,達仁鄉,臺9線427.43K(達仁消防隊旁),臺東縣警察局,大武分局
臺東縣,達仁鄉,臺9線426.29K(達仁圖書館),臺東縣警察局,大武分局
花蓮縣,花蓮市,花蓮市中央路與中山路口,花蓮縣警察局,花蓮分局
花蓮縣,花蓮市,中央路與豐村路口,花蓮縣警察局,花蓮分局
花蓮縣,花蓮市,尚志路18-1號前,花蓮縣警察局,花蓮分局
花蓮縣,花蓮市,府前路與北興路口,花蓮縣警察局,花蓮分局
花蓮縣,鳳林鎮,公正街與信義路口,花蓮縣警察局,鳳林分局
花蓮縣,玉里鎮,興國路與自由街口,花蓮縣警察局,玉里分局
花蓮縣,玉里鎮,台30線27.2K,花蓮縣警察局,玉里分局
花蓮縣,玉里鎮,縣道193線95.4K,花蓮縣警察局,玉里分局
花蓮縣,新城鄉,台9線179.02K,花蓮縣警察局,新城分局
花蓮縣,吉安鄉,台9丙線9.159K,花蓮縣警察局,吉安分局
花蓮縣,吉安鄉,台9丙線7.33K,花蓮縣警察局,吉安分局
花蓮縣,吉安鄉,中央路與稻香路口,花蓮縣警察局,吉安分局
花蓮縣,吉安鄉,吉豐路與吉興路口,花蓮縣警察局,吉安分局
花蓮縣,吉安鄉,吉豐路與吉興路口,花蓮縣警察局,吉安分局
花蓮縣,吉安鄉,知卡宣大道與永華二街口,花蓮縣警察局,吉安分局
花蓮縣,吉安鄉,中央路與建國路口,花蓮縣警察局,吉安分局
花蓮縣,吉安鄉,中央路與建國路口,花蓮縣警察局,吉安分局
花蓮縣,吉安鄉,吉安鄉南濱路一段與南海二街口,花蓮縣警察局,花縣警局交通隊
花蓮縣,壽豐鄉,台9線211.57K,花蓮縣警察局,吉安分局
花蓮縣,壽豐鄉,台11丙線14.2K,花蓮縣警察局,吉安分局
花蓮縣,壽豐鄉,志學村中山路與中正路口,花蓮縣警察局,吉安分局
花蓮縣,壽豐鄉,臺11線24K+176.14-26K+623.9,花蓮縣警察局,吉安分局
花蓮縣,壽豐鄉,台11丙線4.4K,花蓮縣警察局,吉安分局
花蓮縣,壽豐鄉,臺11線26K+581.92-24K+127.73,花蓮縣警察局,吉安分局
花蓮縣,壽豐鄉,台11線23.4公里,花蓮縣警察局,吉安分局
花蓮縣,光復鄉,台9線233.92K,花蓮縣警察局,鳳林分局
花蓮縣,豐濱鄉,台11線43.95K,花蓮縣警察局,鳳林分局
花蓮縣,瑞穗鄉,台9線255.4K,花蓮縣警察局,鳳林分局
花蓮縣,瑞穗鄉,台9線250.8K,花蓮縣警察局,鳳林分局
花蓮縣,瑞穗鄉,臺9線248.1K,花蓮縣警察局,鳳林分局
花蓮縣,瑞穗鄉,台9線262.5K,花蓮縣警察局,鳳林分局
花蓮縣,瑞穗鄉,縣道193線89.12K,花蓮縣警察局,鳳林分局
花蓮縣,瑞穗鄉,縣道193線89.15K,花蓮縣警察局,鳳林分局
花蓮縣,富里鄉,台9線299.82K,花蓮縣警察局,玉里分局
花蓮縣,秀林鄉,台9線190.37K,花蓮縣警察局,新城分局
花蓮縣,秀林鄉,台9線166.5K,花蓮縣警察局,新城分局
花蓮縣,秀林鄉,台9線167.5K,花蓮縣警察局,新城分局
花蓮縣,秀林鄉,臺9‌線‌155K+207-‌157K+976‌(仁水隧道),花蓮縣警察局,新城分局
花蓮縣,秀林鄉,臺9‌線‌‌157K+888‌-155K+122(仁水隧道),花蓮縣警察局,新城分局
花蓮縣,秀林鄉,臺9丁線59.5K-64K,花蓮縣警察局,新城分局
花蓮縣,秀林鄉,臺9‌線‌149K+257-‌151K+756、臺9‌線151K+756-153K+987‌,花蓮縣警察局,新城分局
花蓮縣,秀林鄉,臺9‌線‌151K+434-‌149K+066、臺9‌線153K+718‌-151K+434‌‌,花蓮縣警察局,新城分局
花蓮縣,秀林鄉,台9線146.272K,花蓮縣警察局,新城分局
澎湖縣,馬公市,縣道203線中華路與林森路口（闖紅燈）,澎湖縣政府警察局,馬公分局
澎湖縣,馬公市,縣道201線井垵段5.6K,澎湖縣政府警察局,馬公分局
澎湖縣,馬公市,馬公市中華路與六合路岔路口(兼闖紅燈),澎湖縣政府警察局,馬公分局
澎湖縣,馬公市,縣道205線前寮段5.8K,澎湖縣政府警察局,馬公分局
澎湖縣,馬公市,馬公市新店路與文山路口（闖紅燈）,澎湖縣政府警察局,馬公分局
澎湖縣,馬公市,縣道204線與新店路岔路口(兼闖紅燈),澎湖縣政府警察局,馬公分局
澎湖縣,馬公市,縣道203線西文里97-2號,澎湖縣政府警察局,馬公分局
澎湖縣,馬公市,縣道204線中正國中前路口（闖紅燈）,澎湖縣政府警察局,馬公分局
澎湖縣,馬公市,縣道203線與東衛岔路口(兼闖紅燈),澎湖縣政府警察局,馬公分局
澎湖縣,馬公市,縣道204線光華段2.6K,澎湖縣政府警察局,馬公分局
澎湖縣,馬公市,縣道201線鐵線段1.95K,澎湖縣政府警察局,馬公分局
澎湖縣,馬公市,縣道203線安宅段5.3K,澎湖縣政府警察局,馬公分局
澎湖縣,馬公市,縣道201線興仁岔路口,澎湖縣政府警察局,馬公分局
澎湖縣,馬公市,縣道202線成功段1.6K,澎湖縣政府警察局,馬公分局
澎湖縣,馬公市,縣道204線興仁段4K,澎湖縣政府警察局,馬公分局
澎湖縣,馬公市,縣道204線烏崁段4.6K,澎湖縣政府警察局,馬公分局
澎湖縣,馬公市,縣道204線隘門村116-6號旁,澎湖縣政府警察局,馬公分局
澎湖縣,湖西鄉,縣道203線許家段6.1K,澎湖縣政府警察局,馬公分局
澎湖縣,湖西鄉,馬公機場出入口（闖紅燈）,澎湖縣政府警察局,馬公分局
澎湖縣,湖西鄉,縣道204線隘門段6.7K,澎湖縣政府警察局,馬公分局
澎湖縣,湖西鄉,縣道202線西溪段5K,澎湖縣政府警察局,馬公分局
澎湖縣,湖西鄉,縣道204線林投段7.8K,澎湖縣政府警察局,馬公分局
澎湖縣,湖西鄉,縣道202線湖西段7.1k,澎湖縣政府警察局,馬公分局
澎湖縣,湖西鄉,縣道202號菓葉段9.9K,澎湖縣政府警察局,馬公分局
澎湖縣,湖西鄉,澎14號南寮村121號旁,澎湖縣政府警察局,馬公分局
澎湖縣,白沙鄉,縣道203線通梁段20.77K,澎湖縣政府警察局,白沙分局
澎湖縣,白沙鄉,縣道203線通梁段19.9K,澎湖縣政府警察局,白沙分局
澎湖縣,白沙鄉,縣道203線後寮段17.8K,澎湖縣政府警察局,白沙分局
澎湖縣,白沙鄉,澎8號道瓦硐段,澎湖縣政府警察局,白沙分局
澎湖縣,白沙鄉,縣道203線講美段12.3K,澎湖縣政府警察局,白沙分局
澎湖縣,白沙鄉,縣道203線港子段14K,澎湖縣政府警察局,白沙分局
澎湖縣,白沙鄉,縣道203線講美段11.72K,澎湖縣政府警察局,白沙分局
澎湖縣,白沙鄉,白沙鄉赤崁村聯外橋樑北端出口岔路,澎湖縣政府警察局,白沙分局
澎湖縣,白沙鄉,縣道203線中屯段9.5K,澎湖縣政府警察局,白沙分局
澎湖縣,西嶼鄉,縣道203線池東段30.4K,澎湖縣政府警察局,白沙分局
澎湖縣,西嶼鄉,縣道203線二崁與大池岔路口,澎湖縣政府警察局,白沙分局
澎湖縣,西嶼鄉,縣道203線合界段24.8K,澎湖縣政府警察局,白沙分局
基隆市,,台62甲線3號隧道內南下3.69k處,基隆市警察局,第二分局
基隆市,,台62甲線3號隧道內北上3.7k處,基隆市警察局,第二分局
基隆市,中正區,中正路信五路口,基隆市警察局,第二分局
基隆市,中正區,信一路義三路口,基隆市警察局,第二分局
基隆市,中正區,中正路中船路口(南口),基隆市警察局,第二分局
基隆市,中正區,台62甲線、東海街口,基隆市警察局,第二分局
基隆市,中正區,台62甲1號隧道出口(0.7K處),基隆市警察局,第二分局
基隆市,中正區,北寧路(海洋大學前),基隆市警察局,第二分局
基隆市,中正區,台62甲線3號隧道出口處至東海街出口(南往北)區間測速,基隆市警察局,第二分局
基隆市,中正區,調和街154之3號旁,基隆市警察局,第二分局
基隆市,中正區,調和街242號對面處,基隆市警察局,第二分局
基隆市,七堵區,明德三路(長春貨櫃),基隆市警察局,第三分局
基隆市,七堵區,大埔交流道、大同街口,基隆市警察局,第三分局
基隆市,七堵區,新台五線五堵橋頭(台5線19K+107),基隆市警察局,第三分局
基隆市,七堵區,萬瑞快速道路(台62線)3.4K(西行),基隆市警察局,第三分局
基隆市,七堵區,萬瑞快速道路(台62線)3K+290(東行),基隆市警察局,第三分局
基隆市,七堵區,實踐路294巷口,基隆市警察局,第三分局
基隆市,七堵區,大華二路46號對面處,基隆市警察局,第三分局
基隆市,七堵區,新台五路、福三街口(南向北),基隆市警察局,第三分局
基隆市,七堵區,新台五路、福三街口(北向南),基隆市警察局,第三分局
基隆市,七堵區,工建西路、工建路口,基隆市警察局,第三分局
基隆市,七堵區,明德二路(台五線20K+422)南向,基隆市警察局,第三分局
基隆市,七堵區,明德二路(台5線20.5K處)北向,基隆市警察局,第三分局
基隆市,七堵區,明德二路2之1號前,基隆市警察局,第三分局
基隆市,七堵區,光明路106號前,基隆市警察局,第三分局
基隆市,七堵區,八堵路185巷口(北上),基隆市警察局,第三分局
基隆市,七堵區,八堵路185巷口(南下),基隆市警察局,第三分局
基隆市,七堵區,八堵路國安路口,基隆市警察局,第三分局
基隆市,七堵區,萬瑞快速道路(台62線)11K+280(西行),基隆市警察局,第三分局
基隆市,七堵區,萬瑞快速道路(台62線)11K+470(東行),基隆市警察局,第三分局
基隆市,暖暖區,源遠路、水源路口,基隆市警察局,第三分局
基隆市,暖暖區,過港路、寧靜街口,基隆市警察局,第三分局
基隆市,暖暖區,源遠路、暖暖街口,基隆市警察局,第三分局
基隆市,暖暖區,東勢街、暖濃橋口,基隆市警察局,第三分局
基隆市,暖暖區,台62線快速道路11.3K至6.2K(東往西)區間測速,基隆市警察局,第三分局
基隆市,暖暖區,源遠路249巷口,基隆市警察局,第三分局
基隆市,暖暖區,東勢街與東安一號橋口,基隆市警察局,第三分局
基隆市,暖暖區,基平隧道北端出口處往基隆,基隆市警察局,第三分局
基隆市,暖暖區,基平隧道5K+120往基隆,基隆市警察局,第三分局
基隆市,仁愛區,29號橋,基隆市警察局,第一分局
基隆市,仁愛區,南榮路509巷口,基隆市警察局,第一分局
基隆市,仁愛區,南榮路64巷口,基隆市警察局,第一分局
基隆市,仁愛區,南榮路393巷口,基隆市警察局,第一分局
基隆市,中山區,文化路116號前,基隆市警察局,第四分局
基隆市,中山區,西岸高架橋南下0K+460處,基隆市警察局,第四分局
基隆市,中山區,中華路97巷口,基隆市警察局,第四分局
基隆市,中山區,中山二路、健民街口(南向),基隆市警察局,第四分局
基隆市,中山區,西岸高架橋北端路口處,基隆市警察局,第四分局
基隆市,中山區,中山二路、健民街口(北向),基隆市警察局,第四分局
基隆市,中山區,中山二路65巷口,基隆市警察局,第四分局
基隆市,中山區,中山一路、港西街口,基隆市警察局,第四分局
基隆市,中山區,中山二路36巷口,基隆市警察局,第四分局
基隆市,安樂區,基金三路、武隆街口,基隆市警察局,第四分局
基隆市,安樂區,基金三路、武聖街口,基隆市警察局,第四分局
基隆市,安樂區,基金三路、武訓街口(東向),基隆市警察局,第四分局
基隆市,安樂區,基金三路、武訓街口(西向),基隆市警察局,第四分局
基隆市,安樂區,北濱公路(台2線)、武聖街144巷口,基隆市警察局,第四分局
基隆市,安樂區,萬瑞快速公路(台62線)、基金二路一巷口,基隆市警察局,第四分局
基隆市,安樂區,基金一路135巷口,基隆市警察局,第四分局
基隆市,安樂區,基金一路208巷口,基隆市警察局,第四分局
基隆市,安樂區,基金一路、5B匝道口,基隆市警察局,第四分局
基隆市,安樂區,麥金路、樂利三街口,基隆市警察局,第四分局
基隆市,安樂區,麥金路749號前,基隆市警察局,第四分局
基隆市,安樂區,麥金路222號(長庚醫院)前,基隆市警察局,第四分局
基隆市,安樂區,安樂路二段127號(中華電信)前,基隆市警察局,第四分局
基隆市,安樂區,麥金路12號前,基隆市警察局,第四分局
基隆市,安樂區,安一路(十全亭公園旁),基隆市警察局,第四分局
基隆市,安樂區,基金三路下坡路段,基隆市警察局,第四分局
基隆市,安樂區,安樂路一段、崇德街口,基隆市警察局,第四分局
基隆市,信義區,信二、義一路口,基隆市警察局,第二分局
基隆市,信義區,仁一、月眉路口,基隆市警察局,第二分局
基隆市,信義區,培德路2巷口,基隆市警察局,第二分局
基隆市,信義區,台62甲線孝東匝道口,基隆市警察局,第二分局
基隆市,信義區,台62甲線3號隧道內北上3.7K處,基隆市警察局,第二分局
基隆市,信義區,台62甲線3號隧道內南下3.69K處,基隆市警察局,第二分局
基隆市,信義區,深澳坑路118號前,基隆市警察局,第二分局
基隆市,信義區,深澳坑路240號旁,基隆市警察局,第二分局
新竹市,東區,東大路三段110巷口(往南寮-機場彎道),新竹市警察局,第一分局
新竹市,東區,火車站前,新竹市警察局,第二分局
新竹市,東區,東大高架民族路上方,新竹市警察局,第二分局
新竹市,東區,中央路、民權路口,新竹市警察局,第二分局
新竹市,東區,高峰路168號旁,新竹市警察局,第三分局
新竹市,東區,公道五路四段127號前,新竹市警察局,第一分局
新竹市,東區,中央路、民生路口,新竹市警察局,第二分局
新竹市,東區,寶山路317巷口(高峰植物園),新竹市警察局,第二分局
新竹市,東區,自由路、民族路口,新竹市警察局,第二分局
新竹市,東區,中華路二段2號,新竹市警察局,第二分局
新竹市,東區,高翠路311號前,新竹市警察局,第三分局
新竹市,東區,高翠路292巷口,新竹市警察局,第三分局
新竹市,東區,中華路一段2巷137號,新竹市警察局,第二分局
新竹市,東區,光復路二段、忠孝路口,新竹市警察局,第二分局
新竹市,東區,溪埔路、經國路一段156巷50弄口,新竹市警察局,第二分局
新竹市,東區,新竹科學園區園區三路近研新四路,保二總隊,保二三大隊
新竹市,東區,新竹科學園區園區三路世界先進前,保二總隊,保二三大隊
新竹市,東區,園區三路121號台積電旁,保二總隊,保二第三大隊
新竹市,東區,新竹科學園區園區三路台積電二五廠前,保二總隊,保二三大隊
新竹市,東區,新竹科學園區新安路近展業一路口,保二總隊,保二三大隊
新竹市,東區,新竹科學園區新安路近園區一路,保二總隊,保二三大隊
新竹市,東區,新竹科學園區園區一路近竹村一路口,保二總隊,保二三大隊
新竹市,東區,新竹科學園區園區一路近竹村一路口,保二總隊,保二三大隊
新竹市,東區,新竹科學園區園區一路慈雲路橋下,保二總隊,保二三大隊
新竹市,東區,新竹科學園區園區三路辰鴻加油站對面,保二總隊,保二三大隊
新竹市,東區,新竹科學園區竹村七路近靜心湖出入口,保二總隊,保二三大隊
新竹市,東區,慈雲路、埔頂二路口,新竹市警察局,第二分局
新竹市,東區,慈雲路、公道五路口,新竹市警察局,第二分局
新竹市,東區,新竹科學園區.園區一路近園區三路口,保二總隊,保二三大隊
新竹市,東區,關新路、關新一街口(往光復路),新竹市警察局,第二分局
新竹市,東區,新竹科學園區力行路近世界先進便道,保二總隊,保二三大隊
新竹市,北區,延平路二段961之1號旁,新竹市警察局,第一分局
新竹市,北區,西濱路、榮濱南路口,新竹市警察局,第一分局
新竹市,北區,台68線榮濱路匝道口,新竹市警察局,第一分局
新竹市,北區,西濱路、東大路四段口(北上),新竹市警察局,第一分局
新竹市,北區,西濱路、東大路四段口(南下),新竹市警察局,第一分局
新竹市,北區,舊港1-1號前(舊港大橋),新竹市警察局,第一分局
新竹市,北區,公到五路五段、東大路三段430巷口,新竹市警察局,第一分局
新竹市,北區,天府路一段、東大路三段291巷口,新竹市警察局,第一分局
新竹市,北區,經國路二段、延平路一段口,新竹市警察局,第一分局
新竹市,北區,公道五路四段、防汛道路,新竹市警察局,第一分局
新竹市,北區,武陵路61巷口,新竹市警察局,第一分局
新竹市,北區,台68線東大路匝道口,新竹市警察局,第一分局
新竹市,北區,都城隍廟周邊道路,新竹市警察局,第一分局
新竹市,北區,武陵路196巷口(武陵匝道口、荷蘭村),新竹市警察局,第一分局
新竹市,北區,公道五路三段700號,新竹市警察局,第一分局
新竹市,北區,新竹市北區經國路1段176號,新竹市警察局,第二分局
新竹市,香山區,台61線西濱快速公路85.2公里處,新竹市警察局,第三分局
新竹市,香山區,中華路五段832號前(香山火車),新竹市警察局,第三分局
新竹市,香山區,中華路五段320巷口,新竹市警察局,第三分局
新竹市,香山區,西濱快速公路、宮口街口,新竹市警察局,第三分局
新竹市,香山區,中華路五段208巷口,新竹市警察局,第三分局
新竹市,香山區,西濱路港南國小前,新竹市警察局,第三分局
新竹市,香山區,南隘路2段76號對面（南隘國小）,新竹市警察局,第三分局
新竹市,香山區,台1線79公里,新竹市警察局,第三分局
新竹市,香山區,新竹市香山區五福路二段120巷口,新竹市警察局,第三分局
新竹市,香山區,新竹市香山區景觀大道、五福路二段口,新竹市警察局,第三分局
新竹市,香山區,景觀大道4.7公里,新竹市警察局,第三分局
嘉義市,東區,文化路６９４巷口,嘉義市政府警察局,第二分局
嘉義市,東區,忠孝路(台1線263公里處),嘉義市政府警察局,第二分局
嘉義市,東區,忠孝路與義教街口,嘉義市政府警察局,第二分局
嘉義市,東區,彌陀路１６２巷口,嘉義市政府警察局,第二分局
嘉義市,東區,林森東路612巷口斜對面,嘉義市政府警察局,第二分局
嘉義市,東區,大雅路一段470號前,嘉義市政府警察局,第二分局
嘉義市,東區,嘉義市彌陀路與學府路口,嘉義市政府警察局,第二分局
嘉義市,西區,北港路與竹仔腳路口,嘉義市政府警察局,第一分局
嘉義市,西區,高鐵大道925號前,嘉義市政府警察局,第一分局
嘉義市,西區,北港路1158號前,嘉義市政府警察局,第一分局
嘉義市,西區,高鐵大道與四維路口,嘉義市政府警察局,第一分局
嘉義市,西區,博愛路與自強街口,嘉義市政府警察局,第一分局
嘉義市,西區,北港路與中興路口,嘉義市政府警察局,第一分局
嘉義市,西區,高鐵大道與福義街口,嘉義市政府警察局,第一分局
嘉義市,西區,嘉義市垂楊大橋與新建街口,嘉義市政府警察局,第一分局
嘉義市,西區,博愛路二段與中興路口,嘉義市政府警察局,第一分局
嘉義市,西區,湖子內路與環湖一街口,嘉義市政府警察局,第一分局
嘉義市,西區,新民路416巷口,嘉義市政府警察局,第一分局
嘉義市,西區,嘉義市中山路與中正路口,嘉義市政府警察局,嘉市警局交通隊
嘉義市,西區,嘉義市中山路與林森西路口,嘉義市政府警察局,嘉市警局交通隊
嘉義市,西區,湖子內路１００號前,嘉義市政府警察局,第一分局
嘉義市,西區,世賢路四段與美源街、興安街口,嘉義市政府警察局,嘉市警局交通隊
嘉義市,西區,興業東路與國華街口,嘉義市政府警察局,第一分局
臺北市,,自強隧道區間測速（雙向）（暫停執法）,臺北市政府警察局,
臺北市,,辛亥隧道區間測速（雙向）（暫停執法）,臺北市政府警察局,
臺北市,松山區,復興北路車行地下道南出口處,臺北市政府警察局,松山分局
臺北市,松山區,民生東路四段97巷口,臺北市政府警察局,松山分局
臺北市,松山區,民權東路4段 民權公園前,臺北市政府警察局,松山分局
臺北市,松山區,健康路300號,臺北市政府警察局,松山分局
臺北市,松山區,塔悠路近撫遠街261巷口,臺北市政府警察局,松山分局
臺北市,信義區,忠孝東路四段逸仙路口附近,臺北市政府警察局,信義分局
臺北市,信義區,市民大道五段50號前,臺北市政府警察局,信義分局
臺北市,信義區,忠孝東路5段210號,臺北市政府警察局,信義分局
臺北市,大安區,和平東路一段國立師範大學前(西向東),臺北市政府警察局,大安分局
臺北市,大安區,新生南路金華街(北向南),臺北市政府警察局,大安分局
臺北市,大安區,新生南路三段58號台大側門,臺北市政府警察局,大安分局
臺北市,大安區,建國南路2段179號往北,臺北市政府警察局,大安分局
臺北市,大安區,建國高架道和平東路上方(北向南),臺北市政府警察局,大安分局
臺北市,大安區,市民大道三段214號前(西向東),臺北市政府警察局,大安分局
臺北市,大安區,基隆路 長興街,臺北市政府警察局,大安分局
臺北市,大安區,基隆高架道下敦化南路段(南向北),臺北市政府警察局,大安分局
臺北市,大安區,辛亥路3段157巷,臺北市政府警察局,
臺北市,大安區,辛亥路三段157巷(下北二高)(東向西),臺北市政府警察局,大安分局
臺北市,中山區,新生北路高架道民族東路入口(往南),臺北市政府警察局,中山分局
臺北市,中山區,北安路 海軍司令部前,臺北市政府警察局,中山分局
臺北市,中山區,建國高架道長春路入口(北向南),臺北市政府警察局,中山分局
臺北市,中山區,明水路325號,臺北市政府警察局,中山分局
臺北市,中山區,復興北路(車行地下道北出口處),臺北市政府警察局,中山分局
臺北市,中山區,樂群一路(基湖路口西往東天橋下(金泰公園)),臺北市政府警察局,中山分局
臺北市,中正區,中華路1段53號前（南向北）,臺北市政府警察局,中正一局
臺北市,中正區,重慶南路3段27巷口(往北),臺北市政府警察局,中正二局
臺北市,中正區,市民大道高架 京站百貨前,臺北市政府警察局,中正一局
臺北市,中正區,水源快速道路同安街口（快車道）,臺北市政府警察局,中正第二分局
臺北市,中正區,仁愛路臨沂街口(東向西),臺北市政府警察局,中正一局
臺北市,中正區,水源快道路往南(景福匝道口),臺北市政府警察局,中正第二分局
臺北市,大同區,環河北路近敦煌路(北向南),臺北市政府警察局,大同分局
臺北市,大同區,承德路3段 敦煌路,臺北市政府警察局,大同分局
臺北市,大同區,承德路4段 通河街,臺北市政府警察局,大同分局
臺北市,萬華區,萬板大橋台北端引道(往台北市),臺北市政府警察局,萬華分局
臺北市,萬華區,艋舺大道297號台糖公司前(東向西),臺北市政府警察局,萬華分局
臺北市,萬華區,萬大路華中橋頭(南北雙向),臺北市政府警察局,萬華分局
臺北市,萬華區,環河南路1段77號對面(北向南),臺北市政府警察局,萬華分局
臺北市,萬華區,水源路205號前(東向西),臺北市政府警察局,萬華分局
臺北市,文山區,羅斯福路5段240號(往南),臺北市政府警察局,文山二局
臺北市,文山區,羅斯福路6段226號(往南),臺北市政府警察局,文山二局
臺北市,文山區,辛亥路6段 懷恩隧道出口,臺北市政府警察局,文山一局
臺北市,文山區,辛亥路4段辛亥隧道出口(往南),臺北市政府警察局,文山二局
臺北市,文山區,信義快速道路(北往南文山隧道出口處),臺北市政府警察局,文山一局
臺北市,文山區,木柵路五段(西向東) 100之3號,臺北市政府警察局,文山一局
臺北市,南港區,市民大道七段與忠孝東路六段159巷口,臺北市政府警察局,南港分局
臺北市,南港區,市民大道7段 近昆陽街口,臺北市政府警察局,南港分局
臺北市,南港區,忠孝東路七段511號,臺北市政府警察局,南港分局
臺北市,南港區,市民大道8段與東南街口(東往西),臺北市政府警察局,南港分局
臺北市,南港區,市民大道8段 500號,臺北市政府警察局,南港分局
臺北市,南港區,三重路19-5號前(北向南),臺北市政府警察局,南港分局
臺北市,內湖區,承德路四段320號（福港街口）,臺北市政府警察局,內湖分局
臺北市,內湖區,內湖路1段324號,臺北市政府警察局,內湖分局
臺北市,內湖區,行善路233號,臺北市政府警察局,內湖分局
臺北市,內湖區,環東大道(南京東路6段368巷口上方),臺北市政府警察局,內湖分局
臺北市,內湖區,成功路2段373號,臺北市政府警察局,內湖分局
臺北市,內湖區,金湖路200號前,臺北市政府警察局,內湖分局
臺北市,內湖區,成功路5段152巷口,臺北市政府警察局,內湖分局
臺北市,內湖區,民權東路六段423巷口(東向西),臺北市政府警察局,內湖分局
臺北市,士林區,環河北路3段葫蘆街口,臺北市政府警察局,士林分局
臺北市,士林區,承德路四段百齡高中前(南向北),臺北市政府警察局,士林分局
臺北市,士林區,仰德大道2段29巷,臺北市政府警察局,士林分局
臺北市,士林區,仰德大道2段115巷口,臺北市政府警察局,士林分局
臺北市,士林區,仰德大道四段75號前(下山方向),臺北市政府警察局,士林分局
臺北市,北投區,學園路 台北藝術大學門口,臺北市政府警察局,北投分局
臺北市,北投區,大度路往台北方向,臺北市政府警察局,北投分局
臺北市,北投區,大度路往淡水方向,臺北市政府警察局,北投分局
臺北市,北投區,大業路412號前,臺北市政府警察局,北投分局
臺北市,北投區,洲美快速道路(南向避車彎處),臺北市政府警察局,北投分局
臺北市,北投區,洲美快速道路(北向避車彎處),臺北市政府警察局,北投分局
臺北市,北投區,立賢路101號,臺北市政府警察局,北投分局
臺北市,北投區,承德路6段,臺北市政府警察局,北投分局
臺北市,北投區,承德路6段,臺北市政府警察局,北投分局
臺北市,北投區,陽金公路53號燈桿後方竹子湖路2-2號對面,臺北市政府警察局,北投分局
高雄市,鹽埕區,鼓山、鹽埕區鼓山一路與新樂街,高雄市政府警察局,鹽埕分局
高雄市,鼓山區,鼓山三路、青峰街,高雄市政府警察局,鼓山分局
高雄市,鼓山區,鼓山、鹽埕區鼓山一路與新樂街,高雄市政府警察局,鼓山分局
高雄市,鼓山區,蓬萊路32號前,高雄市政府警察局,鼓山分局
高雄市,鼓山區,鼓山區鼓山一路/大公路,高雄市政府警察局,鼓山分局
高雄市,鼓山區,鼓山區厚生路往翠華路/河西一路路口,高雄市政府警察局,鼓山分局
高雄市,鼓山區,鼓山區厚生路往翠華路/河西一路路口,高雄市政府警察局,鼓山分局
高雄市,鼓山區,鼓山區華安街/馬卡道路口,高雄市政府警察局,鼓山分局
高雄市,鼓山區,鼓山區馬卡道路與美術館路/西藏街口,高雄市政府警察局,鼓山分局
高雄市,鼓山區,鼓山區馬卡道路/青海路,高雄市政府警察局,鼓山分局
高雄市,鼓山區,鼓山區馬卡道路與青海路口,高雄市政府警察局,鼓山分局
高雄市,鼓山區,鼓山區馬卡道路與美術館路/西藏街口,高雄市政府警察局,鼓山分局
高雄市,鼓山區,鼓山區馬卡道路與美術館路/西藏街口,高雄市政府警察局,鼓山分局
高雄市,鼓山區,鼓山區興隆路與河川街103巷22弄路口,高雄市政府警察局,鼓山分局
高雄市,鼓山區,鼓山區北斗街/鼓山二路,高雄市政府警察局,
高雄市,鼓山區,鼓山區興隆路與河川街103巷22弄路口,高雄市政府警察局,鼓山分局
高雄市,鼓山區,鼓山區綠川街與綠川街29巷口,高雄市政府警察局,鼓山分局
高雄市,鼓山區,鼓山區美術館路與美術東二路口,高雄市政府警察局,鼓山分局
高雄市,鼓山區,鼓山區青海路與美術東二路口,高雄市政府警察局,
高雄市,鼓山區,左營高架橋(中華陸橋)往南下橋處,高雄市政府警察局,鼓山分局
高雄市,鼓山區,鼓山區美術東四路與美術館路口,高雄市政府警察局,鼓山分局
高雄市,鼓山區,鼓山區美術東四路與美術館路口,高雄市政府警察局,鼓山分局
高雄市,鼓山區,鼓山區中華一路/美術館路,高雄市政府警察局,鼓山分局
高雄市,鼓山區,鼓山區美術館路/中華一路口,高雄市政府警察局,鼓山分局
高雄市,鼓山區,中華一路與大順一路口,高雄市政府警察局,鼓山分局
高雄市,鼓山區,中華一路與美術北三路口,高雄市政府警察局,鼓山分局
高雄市,鼓山區,鼓山區美術館路與裕國街口,高雄市政府警察局,鼓山分局
高雄市,鼓山區,鼓山區大順一路/龍勝路口,高雄市政府警察局,
高雄市,鼓山區,明誠三路與南屏路口(西向東),高雄市政府警察局,鼓山分局
高雄市,鼓山區,鼓山區大順一路/博愛一路口,高雄市政府警察局,鼓山分局
高雄市,鼓山區,鼓山區大順一路與富民路口,高雄市政府警察局,鼓山分局
高雄市,鼓山區,鼓山區大順一路與富國路口,高雄市政府警察局,鼓山分局
高雄市,左營區,左營區介壽路與先鋒路口,高雄市政府警察局,左營分局
高雄市,左營區,左營區先鋒路293號對面,高雄市政府警察局,左營分局
高雄市,左營區,左營高架橋(中華陸橋)往北下橋處,高雄市政府警察局,左營分局
高雄市,左營區,左營區翠華路與華榮路口,高雄市政府警察局,左營分局
高雄市,左營區,左營區軍校路國軍高雄總醫院左營分院前,高雄市政府警察局,
高雄市,左營區,左營區翠華路與勝利路口,高雄市政府警察局,左營分局
高雄市,左營區,左營區翠華路與崇德路口,高雄市政府警察局,左營分局
高雄市,左營區,華夏路337巷口,高雄市政府警察局,左營分局
高雄市,左營區,左營區翠華路/新庄仔路口,高雄市政府警察局,左營分局
高雄市,左營區,左營區華夏路/新莊一路口,高雄市政府警察局,左營分局
高雄市,左營區,華夏路與新莊仔路,高雄市政府警察局,左營分局
高雄市,左營區,左營區新莊一路/新榮街口,高雄市政府警察局,
高雄市,左營區,左營區翠華路/大中二路,高雄市政府警察局,左營分局
高雄市,左營區,左營區翠華路與站前南路,高雄市政府警察局,左營分局
高雄市,左營區,博愛二路與裕誠路口,高雄市政府警察局,左營分局
高雄市,左營區,左營區博愛二路/裕誠路,高雄市政府警察局,左營分局
高雄市,左營區,左營區新莊一路/博愛二路,高雄市政府警察局,左營分局
高雄市,左營區,博愛二路與新庄仔路口,高雄市政府警察局,左營分局
高雄市,左營區,高鐵路與曾子路,高雄市政府警察局,左營分局
高雄市,左營區,博愛三、文自路口,高雄市政府警察局,左營分局
高雄市,左營區,博愛、崇德路口,高雄市政府警察局,左營分局
高雄市,左營區,大中高架道路華夏匝道口,高雄市政府警察局,左營分局
高雄市,左營區,高鐵路與大中二路口,高雄市政府警察局,左營分局
高雄市,左營區,大中高架道路文川匝道口,高雄市政府警察局,左營分局
高雄市,左營區,大中二路與華夏路口,高雄市政府警察局,左營分局
高雄市,左營區,左營區大順一路/自由一、二路口,高雄市政府警察局,
高雄市,左營區,新莊仔路與自由二路,高雄市政府警察局,左營分局
高雄市,左營區,左營區高鐵路/重愛路,高雄市政府警察局,左營分局
高雄市,左營區,左營區大順一路與龍德新路口,高雄市政府警察局,左營分局
高雄市,左營區,左營區大中二路/文自路,高雄市政府警察局,
高雄市,左營區,左營區自由三路/孟子路,高雄市政府警察局,左營分局
高雄市,左營區,民族一路與大中一路,高雄市政府警察局,左營分局
高雄市,左營區,左營區大中一路/民族一路口,高雄市政府警察局,左營分局
高雄市,左營區,左營區民族一路/榮佑路,高雄市政府警察局,左營分局
高雄市,左營區,左營區民族一路/重愛路,高雄市政府警察局,左營分局
高雄市,楠梓區,德中路與大學二十九路口(向南),高雄市政府警察局,
高雄市,楠梓區,德中路與大學二十九路口,高雄市政府警察局,楠梓分局
高雄市,楠梓區,楠梓區藍田路/藍昌路,高雄市政府警察局,楠梓分局
高雄市,楠梓區,左楠、後昌路口,高雄市政府警察局,楠梓分局
高雄市,楠梓區,楠梓區左楠路與外環西路,高雄市政府警察局,楠梓分局
高雄市,楠梓區,德民路與德惠路口,高雄市政府警察局,楠梓分局
高雄市,楠梓區,加昌路與左楠路口,高雄市政府警察局,楠梓分局
高雄市,楠梓區,楠梓區德民路/海專路口,高雄市政府警察局,楠梓分局
高雄市,楠梓區,德民路與海專路口(機車道),高雄市政府警察局,楠梓分局
高雄市,楠梓區,楠梓區加昌路/瑞屏路,高雄市政府警察局,
高雄市,楠梓區,楠梓區加昌路/海專路,高雄市政府警察局,楠梓分局
高雄市,楠梓區,高楠公路與德民路口,高雄市政府警察局,楠梓分局
高雄市,楠梓區,楠梓區高楠公路/水管路口,高雄市政府警察局,楠梓分局
高雄市,楠梓區,高楠、水管路口(機車道),高雄市政府警察局,楠梓分局
高雄市,楠梓區,高楠公路1015-6號前,高雄市政府警察局,楠梓分局
高雄市,楠梓區,高楠公路金屬研發中心前,高雄市政府警察局,楠梓分局
高雄市,楠梓區,楠梓區楠陽路/鳳楠路,高雄市政府警察局,楠梓分局
高雄市,楠梓區,楠梓區鳳楠路/興西路口,高雄市政府警察局,楠梓分局
高雄市,楠梓區,楠梓區興西路與鳳楠路,高雄市政府警察局,
高雄市,楠梓區,旗楠路與土庫一路口,高雄市政府警察局,楠梓分局
高雄市,楠梓區,旗楠、常德路口,高雄市政府警察局,楠梓分局
高雄市,三民區,九如三路(中都街與九如大橋中段),高雄市政府警察局,三民第一分局
高雄市,三民區,中山一路/建國二路口,高雄市政府警察局,三民第一分局
高雄市,三民區,博愛一路/九如二路口,高雄市政府警察局,三民第一分局
高雄市,三民區,三民區自由一路/同盟一路口,高雄市政府警察局,三民第一分局
高雄市,三民區,自由一路與同盟一路,高雄市政府警察局,三民第一分局
高雄市,三民區,同盟路高醫大門,高雄市政府警察局,三民第一分局
高雄市,三民區,三民區大順一路與河堤南路與河堤路口,高雄市政府警察局,三民第一分局
高雄市,三民區,三民區大順一路與河堤南路/河堤路口,高雄市政府警察局,三民第一分局
高雄市,三民區,三民區大順一路與聯興路口,高雄市政府警察局,三民第一分局
高雄市,三民區,民族、承德路口,高雄市政府警察局,三民第二分局
高雄市,三民區,民族一路與十全一路口,高雄市政府警察局,三民第二分局
高雄市,三民區,九如一路與民族一路口,高雄市政府警察局,三民第二分局
高雄市,三民區,民族一路與建工路口,高雄市政府警察局,三民第二分局
高雄市,三民區,河堤、民族一路543巷路口,高雄市政府警察局,三民第二分局
高雄市,三民區,民族一路268號前,高雄市政府警察局,三民第二分局
高雄市,三民區,三民區大順一路/民族一路口,高雄市政府警察局,三民第二分局
高雄市,三民區,民族一路與裕誠路,高雄市政府警察局,三民第二分局
高雄市,三民區,民族、裕誠路口(機車道),高雄市政府警察局,三民第二分局
高雄市,三民區,明誠一路與民族一路口,高雄市政府警察局,三民第二分局
高雄市,三民區,三民區大順二路與鼎山街口,高雄市政府警察局,三民第二分局
高雄市,三民區,三民區大順二路與日全街口,高雄市政府警察局,三民第二分局
高雄市,三民區,三民區天祥一路/鼎中路,高雄市政府警察局,三民第二分局
高雄市,三民區,明誠一路 528 號對面,高雄市政府警察局,三民第二分局
高雄市,三民區,三民區大順二路與莊敬路口,高雄市政府警察局,三民第二分局
高雄市,三民區,九如、平等路口,高雄市政府警察局,三民第二分局
高雄市,三民區,鼎山街與明誠一路,高雄市政府警察局,三民第二分局
高雄市,三民區,三民區大順二路與灣中街口,高雄市政府警察局,三民第二分局
高雄市,三民區,大中路、鼎中路口東向西左側路口,高雄市政府警察局,三民第二分局
高雄市,三民區,大中路、鼎中路口東向西右側路口,高雄市政府警察局,三民第二分局
高雄市,三民區,三民區大中一路/鼎中路口,高雄市政府警察局,三民第二分局
高雄市,三民區,三民區大順二路/建工路口,高雄市政府警察局,三民第二分局
高雄市,三民區,三民區大順二路與建德路/大豐二路口,高雄市政府警察局,三民第二分局
高雄市,三民區,三民區大順二路與寶興路口,高雄市政府警察局,三民第二分局
高雄市,三民區,明誠一路280號,高雄市政府警察局,三民第二分局
高雄市,三民區,三民區大順二路與建興路口,高雄市政府警察局,三民第二分局
高雄市,三民區,三民區大順二路與覺民路口,高雄市政府警察局,三民第二分局
高雄市,三民區,三民區大順二路與大順二路55巷/46巷口,高雄市政府警察局,三民第二分局
高雄市,三民區,三民區大順三路與359巷/366巷口,高雄市政府警察局,三民第二分局
高雄市,三民區,三民區大順三路與359巷/366巷口,高雄市政府警察局,三民第二分局
高雄市,三民區,三民區大順二路與大順二路55巷/46巷口,高雄市政府警察局,三民第二分局
高雄市,三民區,三民區大順二路/九如一路口,高雄市政府警察局,三民第二分局
高雄市,三民區,明誠、大裕路口,高雄市政府警察局,三民第二分局
高雄市,三民區,九如一路、大順二路口,高雄市政府警察局,三民第二分局
高雄市,三民區,三民區建工路/大昌二路,高雄市政府警察局,三民第二分局
高雄市,三民區,九如一路與大昌二路口,高雄市政府警察局,三民第二分局
高雄市,三民區,大昌二路420巷,高雄市政府警察局,三民第二分局
高雄市,三民區,大昌二路28號,高雄市政府警察局,三民第一分局
高雄市,三民區,三民區九如一路/光武路口,高雄市政府警察局,三民第二分局
高雄市,三民區,三民區建國一路/高速公路東側便道,高雄市政府警察局,三民第二分局
高雄市,三民區,中山高西側便道、九如路口,高雄市政府警察局,三民第二分局
高雄市,三民區,三民區九如一路/高速公路東側便道,高雄市政府警察局,三民第二分局
高雄市,三民區,九如、中山高東側便道,高雄市政府警察局,三民第二分局
高雄市,三民區,三民區澄清路與九如一路口,高雄市政府警察局,三民第二分局
高雄市,新興區,新興區林森一路/七賢一路,高雄市政府警察局,新興分局
高雄市,新興區,新興區六合一路/林森一路,高雄市政府警察局,新興分局
高雄市,新興區,民生路與仁愛路口,高雄市政府警察局,新興分局
高雄市,新興區,新興區中正三路/復興一路,高雄市政府警察局,新興分局
高雄市,新興區,新興區五福二路/復興二路,高雄市政府警察局,新興分局
高雄市,前金區,前金區大同二路/中華三路,高雄市政府警察局,新興分局
高雄市,前金區,前金區五福三路/自強二路,高雄市政府警察局,新興分局
高雄市,前金區,中華三路與民生二路口,高雄市政府警察局,新興分局
高雄市,前金區,前金區中華三路/五褔三路口,高雄市政府警察局,新興分局
高雄市,前金區,前金區中山一路/民生一路、民生二路,高雄市政府警察局,新興分局
高雄市,苓雅區,五福三路與英雄路口,高雄市政府警察局,苓雅分局
高雄市,苓雅區,中華四路與四維四路口,高雄市政府警察局,苓雅分局
高雄市,苓雅區,中山二路432號前,高雄市政府警察局,苓雅分局
高雄市,苓雅區,中山二路361號前,高雄市政府警察局,苓雅分局
高雄市,苓雅區,苓雅區文橫二路/三多三路,高雄市政府警察局,苓雅分局
高雄市,苓雅區,五福一路與和平一路口,高雄市政府警察局,苓雅分局
高雄市,苓雅區,中正地下道(東向西出口),高雄市政府警察局,苓雅分局
高雄市,苓雅區,五福、凱旋路口,高雄市政府警察局,苓雅分局
高雄市,苓雅區,建國路與武廟路口,高雄市政府警察局,苓雅分局
高雄市,苓雅區,苓雅區凱旋二路與同慶路口,高雄市政府警察局,苓雅分局
高雄市,苓雅區,苓雅區凱旋二路與同慶路口,高雄市政府警察局,苓雅分局
高雄市,苓雅區,苓雅區中正一路/大順三路,高雄市政府警察局,苓雅分局
高雄市,苓雅區,苓雅區大順三路、河北路/中正一路口,高雄市政府警察局,苓雅分局
高雄市,苓雅區,苓雅區凱旋二路/四維一路,高雄市政府警察局,
高雄市,苓雅區,苓雅區大順三路與建民路口,高雄市政府警察局,苓雅分局
高雄市,苓雅區,苓雅區大順三路與武廟路口,高雄市政府警察局,苓雅分局
高雄市,苓雅區,苓雅區大順三路與武廟路口,高雄市政府警察局,苓雅分局
高雄市,苓雅區,中正地下道(西向東出口),高雄市政府警察局,苓雅分局
高雄市,苓雅區,苓雅區凱旋三路/三多二路,高雄市政府警察局,苓雅分局
高雄市,苓雅區,苓雅區大順三路/建國一路口,高雄市政府警察局,
高雄市,苓雅區,苓雅區三多二路與凱旋二路口,高雄市政府警察局,苓雅分局
高雄市,苓雅區,苓雅區大順三路與憲政路口,高雄市政府警察局,苓雅分局
高雄市,苓雅區,苓雅區大順三路與憲政路口,高雄市政府警察局,苓雅分局
高雄市,苓雅區,苓雅區凱旋三路/武昌路,高雄市政府警察局,
高雄市,苓雅區,苓雅區大順三路與大順三路281巷/282巷口,高雄市政府警察局,苓雅分局
高雄市,苓雅區,苓雅區大順三路與鐵道一路/316巷口,高雄市政府警察局,苓雅分局
高雄市,苓雅區,苓雅區大順三路與鐵道一路/316巷口,高雄市政府警察局,苓雅分局
高雄市,苓雅區,苓雅區建國一路/福德二路,高雄市政府警察局,苓雅分局
高雄市,苓雅區,苓雅區中正一路/輔仁路口,高雄市政府警察局,苓雅分局
高雄市,苓雅區,苓雅區輔仁路/中正一路,高雄市政府警察局,
高雄市,苓雅區,苓雅區武營路/三多一路,高雄市政府警察局,苓雅分局
高雄市,苓雅區,苓雅區中正一路/高速公路西側,高雄市政府警察局,苓雅分局
高雄市,苓雅區,武營、三多路口,高雄市政府警察局,苓雅分局
高雄市,苓雅區,苓雅區中正一路/高速公路東側便道,高雄市政府警察局,苓雅分局
高雄市,苓雅區,中正一路與高速公路,高雄市政府警察局,苓雅分局
高雄市,苓雅區,建國一路中山高涵洞東側,高雄市政府警察局,苓雅分局
高雄市,苓雅區,建國一、正義路口,高雄市政府警察局,苓雅分局
高雄市,苓雅區,中正一路國軍高雄總醫院旁,高雄市政府警察局,苓雅分局
高雄市,苓雅區,苓雅區三多一路與建軍路口,高雄市政府警察局,苓雅分局
高雄市,前鎮區,前鎮區成功二路與新光路口,高雄市政府警察局,前鎮分局
高雄市,前鎮區,前鎮區成功路與高雄展覽館路口,高雄市政府警察局,前鎮分局
高雄市,前鎮區,前鎮區成功路與新光停車場路口,高雄市政府警察局,前鎮分局
高雄市,前鎮區,前鎮區復興四路/成功二路口,高雄市政府警察局,前鎮分局
高雄市,前鎮區,前鎮區成功二路與台鋁路口,高雄市政府警察局,前鎮分局
高雄市,前鎮區,中華五路與復興三路口,高雄市政府警察局,前鎮分局
高雄市,前鎮區,中山三路與文橫路,高雄市政府警察局,前鎮分局
高雄市,前鎮區,成功二路與興發路口,高雄市政府警察局,前鎮分局
高雄市,前鎮區,前鎮區中華五路與正勤路口(西、北側),高雄市政府警察局,前鎮分局
高雄市,前鎮區,成功二路與舊凱旋四路口,高雄市政府警察局,前鎮分局
高雄市,前鎮區,舊凱旋四路與前鎮街口,高雄市政府警察局,前鎮分局
高雄市,前鎮區,前鎮區中華五路與時代大道路口(東、南側),高雄市政府警察局,前鎮分局
高雄市,前鎮區,中山三路與正勤路口,高雄市政府警察局,前鎮分局
高雄市,前鎮區,新生高架道路0.82K,高雄市政府警察局,前鎮分局
高雄市,前鎮區,前鎮區一心二路/復興三路,高雄市政府警察局,前鎮分局
高雄市,前鎮區,舊凱旋四路與鎮興街口,高雄市政府警察局,前鎮分局
高雄市,前鎮區,凱旋四路與鎮興街口,高雄市政府警察局,前鎮分局
高雄市,前鎮區,中山三路與光華三路口,高雄市政府警察局,前鎮分局
高雄市,前鎮區,過港隧道北孔（前鎮往旗津方向）汽車道1361M處,高雄港警總隊,
高雄市,前鎮區,過港隧道北孔〈前鎮往旗津方向〉機車道1100M處,高雄港警總隊,
高雄市,前鎮區,凱旋四路與凱旋四路424巷口,高雄市政府警察局,前鎮分局
高雄市,前鎮區,三多二路與桂林街口,高雄市政府警察局,前鎮分局
高雄市,前鎮區,前鎮區凱旋四路/中山三路,高雄市政府警察局,前鎮分局
高雄市,前鎮區,前鎮區漁港路與新生路,高雄市政府警察局,前鎮分局
高雄市,前鎮區,中山三路與凱旋四路口,高雄市政府警察局,前鎮分局
高雄市,前鎮區,一心、光華路口,高雄市政府警察局,前鎮分局
高雄市,前鎮區,中山四路與鎮海路口,高雄市政府警察局,前鎮分局
高雄市,前鎮區,一心、和平路口,高雄市政府警察局,前鎮分局
高雄市,前鎮區,前鎮區中山四路/五甲三路口,高雄市政府警察局,前鎮分局
高雄市,前鎮區,前鎮區漁港路/草衙一路,高雄市政府警察局,
高雄市,前鎮區,前鎮區新生路與金福路口,高雄市政府警察局,前鎮分局
高雄市,前鎮區,前鎮區凱旋四路與班超路口,高雄市政府警察局,前鎮分局
高雄市,前鎮區,凱旋四路與籬仔內路口,高雄市政府警察局,前鎮分局
高雄市,前鎮區,前鎮區新生路與金福路口,高雄市政府警察局,前鎮分局
高雄市,前鎮區,前鎮區一心路與凱旋路口,高雄市政府警察局,前鎮分局
高雄市,前鎮區,前鎮區一心路與凱旋路口,高雄市政府警察局,前鎮分局
高雄市,前鎮區,前鎮區班超路瑞祥高中前,高雄市政府警察局,前鎮分局
高雄市,前鎮區,高速公路接金福路之高架聯絡道北上（離金福路出口500公尺處),高雄市政府警察局,前鎮分局
高雄市,前鎮區,高速公路接金福路之高架聯絡道南下（離金福路出口900公尺處),高雄市政府警察局,前鎮分局
高雄市,前鎮區,前鎮區凱旋三路/二聖一路(輕軌沿線),高雄市政府警察局,
高雄市,前鎮區,前鎮區凱旋三路/二聖一路,高雄市政府警察局,前鎮分局
高雄市,前鎮區,中山四路與中平路口,高雄市政府警察局,前鎮分局
高雄市,前鎮區,中山四路與中安路口,高雄市政府警察局,前鎮分局
高雄市,前鎮區,中山四路與金福路口,高雄市政府警察局,前鎮分局
高雄市,前鎮區,前鎮區中安路/明鳳五街路口,高雄市政府警察局,前鎮分局
高雄市,前鎮區,保泰、瑞隆路口,高雄市政府警察局,前鎮分局
高雄市,旗津區,過港隧道南孔〈旗津往前鎮方向〉汽車道1367M處,高雄港警總隊,
高雄市,旗津區,過港隧道南孔〈旗津往前鎮方向〉機車道1100M處,高雄港警總隊,
高雄市,小港區,東亞南路、平和7路路口,高雄市政府警察局,小港分局
高雄市,小港區,東亞南路、平和2路路口,高雄市政府警察局,小港分局
高雄市,小港區,中山四路/平和東路,高雄市政府警察局,小港分局
高雄市,小港區,小港區中山四路/平和東路,高雄市政府警察局,小港分局
高雄市,小港區,南星路與中林路(南向北),高雄市政府警察局,小港分局
高雄市,小港區,中安路223號前,高雄市政府警察局,小港分局
高雄市,小港區,中山四路與大業北路口,高雄市政府警察局,高市警局交通大隊
高雄市,小港區,中山四路/大業北路以南60公尺處（高雄公園前））,高雄市政府警察局,
高雄市,小港區,南星、中林路口(北向南),高雄市政府警察局,小港分局
高雄市,小港區,中安路與明聖街230巷口,高雄市政府警察局,小港分局
高雄市,小港區,小港區中林路段（沿海四路至龍鳳路）,高雄市政府警察局,小港分局
高雄市,小港區,沿海一路與宏平路,高雄市政府警察局,小港分局
高雄市,小港區,小港區中林路段（沿海四路至龍鳳路）,高雄市政府警察局,小港分局
高雄市,小港區,小港區沿海一路與康莊路口,高雄市政府警察局,小港分局
高雄市,小港區,沿海一路與漢民路口,高雄市政府警察局,小港分局
高雄市,小港區,南星路段(沿海路以北700公尺處),高雄市政府警察局,小港分局
高雄市,小港區,沿海一路與中鋼路口(南下),高雄市政府警察局,小港分局
高雄市,小港區,小港區中鋼路/沿海二路,高雄市政府警察局,小港分局
高雄市,小港區,小港區飛機路153號濟南里活動中心旁,高雄市政府警察局,小港分局
高雄市,小港區,沿海三路與鳳鳴路,高雄市政府警察局,小港分局
高雄市,小港區,小港區沿海二路/永光街口,高雄市政府警察局,
高雄市,小港區,高鳳路/中安路口,高雄市政府警察局,小港分局
高雄市,小港區,小港區沿海二路/世全路口(南向),高雄市政府警察局,
高雄市,小港區,小港區沿海二路/世全路口(北向),高雄市政府警察局,
高雄市,小港區,營口路/山明路口,高雄市政府警察局,小港分局
高雄市,小港區,高松路/營口路口,高雄市政府警察局,小港分局
高雄市,小港區,小港區高鳳路/松興路,高雄市政府警察局,小港分局
高雄市,小港區,小港區孔宅六街路段(全路段),高雄市政府警察局,小港分局
高雄市,小港區,高松、松正路口,高雄市政府警察局,小港分局
高雄市,小港區,高坪18路與高坪15路,高雄市政府警察局,小港分局
高雄市,鳳山區,三商街高速公路口機慢車專用道往南415公尺處,高雄市政府警察局,鳳山分局
高雄市,鳳山區,臨海路與南華一路口,高雄市政府警察局,鳳山分局
高雄市,鳳山區,南華一路保安二街口,高雄市政府警察局,鳳山分局
高雄市,鳳山區,鳳山區南華一路與鳳甲路口,高雄市政府警察局,高市警局交通大隊
高雄市,鳳山區,南華一路與和成路,高雄市政府警察局,鳳山分局
高雄市,鳳山區,建國路三段與澄清路口,高雄市政府警察局,鳳山分局
高雄市,鳳山區,國泰路二段與南京路口,高雄市政府警察局,鳳山分局
高雄市,鳳山區,五甲一路/瑞隆東路口,高雄市政府警察局,鳳山分局
高雄市,鳳山區,保南二路與保義街口,高雄市政府警察局,鳳山分局
高雄市,鳳山區,鳳山區五甲一路/凱旋路,高雄市政府警察局,鳳山分局
高雄市,鳳山區,建國路與青年路口,高雄市政府警察局,鳳山分局
高雄市,鳳山區,鳳山區文衡路/青年路二段,高雄市政府警察局,
高雄市,鳳山區,鳳山區國泰路二段與五甲一路口,高雄市政府警察局,鳳山分局
高雄市,鳳山區,鳳山區五甲一路/中山路,高雄市政府警察局,鳳山分局
高雄市,鳳山區,鳳頂路與過埤路口,高雄市政府警察局,鳳山分局
高雄市,鳳山區,鳳頂路與田中央路口,高雄市政府警察局,鳳山分局
高雄市,鳳山區,鳳山區過埤路與鳳頂路口(快車道),高雄市政府警察局,鳳山分局
高雄市,鳳山區,鳳頂路(台糖加油站對面),高雄市政府警察局,鳳山分局
高雄市,鳳山區,鳳山區維新路/光遠路,高雄市政府警察局,
高雄市,鳳山區,國泰路一段與鳳頂路口,高雄市政府警察局,鳳山分局
高雄市,鳳山區,鳳山區鳳松路/經武路,高雄市政府警察局,鳳山分局
高雄市,鳳山區,中山東路與光遠路口,高雄市政府警察局,鳳山分局
高雄市,林園區,中門路與南星路口(快車道),高雄市政府警察局,林園分局
高雄市,林園區,中門路與南星路口(慢車道),高雄市政府警察局,林園分局
高雄市,林園區,林園區沿海路四段/王公路/東林西路口,高雄市政府警察局,林園分局
高雄市,林園區,沿海路林園南路口,高雄市政府警察局,林園分局
高雄市,林園區,林園區鳳林路三段與潭頭路口,高雄市政府警察局,林園分局
高雄市,林園區,台25線14.5公里處,高雄市政府警察局,林園分局
高雄市,林園區,台29線108.4公里處,高雄市政府警察局,林園分局
高雄市,大寮區,內坑路161之21號前,高雄市政府警察局,林園分局
高雄市,大寮區,市道188 號(內坑路)與高72線路口,高雄市政府警察局,林園分局
高雄市,大寮區,大寮區市道188號(內坑路)與高72線路口,高雄市政府警察局,林園分局
高雄市,大寮區,鳳屏一路與民貴街口,高雄市政府警察局,林園分局
高雄市,大寮區,鳳林三路/萬丹路,高雄市政府警察局,林園分局
高雄市,大寮區,大寮區鳳屏一路/成功路,高雄市政府警察局,林園分局
高雄市,大寮區,大寮區鳳林三路/進學路,高雄市政府警察局,
高雄市,大寮區,大寮區新厝路296-1號前,高雄市政府警察局,林園分局
高雄市,大寮區,大寮區市道188號與鳳林二路口(快車道),高雄市政府警察局,林園分局
高雄市,大寮區,大寮區市道188號與鳳林二路口(慢車道),高雄市政府警察局,林園分局
高雄市,大寮區,大寮區市道188號/鳳林二路口,高雄市政府警察局,
高雄市,大寮區,鳳林二路、光華路口,高雄市政府警察局,林園分局
高雄市,大寮區,鳳屏二路與江山路口,高雄市政府警察局,林園分局
高雄市,大寮區,大寮區新厝路/新三街口,高雄市政府警察局,林園分局
高雄市,大寮區,台88線快速道路西向東7.4公里處,高雄市政府警察局,林園分局
高雄市,大寮區,鳳林二路與濃公路,高雄市政府警察局,林園分局
高雄市,大寮區,光明路三段與翁園路口,高雄市政府警察局,林園分局
高雄市,大寮區,鳳林一路與鳳林路四段,高雄市政府警察局,林園分局
高雄市,大寮區,鳳屏二路/鳳屏二路180巷口(高屏大橋下橋處),高雄市政府警察局,林園分局
高雄市,大寮區,光明路二段與大寮路口,高雄市政府警察局,林園分局
高雄市,大寮區,台29線96.5公里處,高雄市政府警察局,林園分局
高雄市,大寮區,市道188號與華中路口,高雄市政府警察局,
高雄市,大寮區,大寮區市道188號/華中路口,高雄市政府警察局,
高雄市,大寮區,台88線快速道路東向西10公里處大發交流道前,高雄市政府警察局,林園分局
高雄市,大寮區,河堤路三段與公園街,高雄市政府警察局,林園分局
高雄市,大樹區,大樹區高186甲線(三和路)仙峰宮前,高雄市政府警察局,
高雄市,大樹區,大樹區興山路興山橋旁,高雄市政府警察局,仁武分局
高雄市,大樹區,大樹區竹寮路60-1號前(台29線91.1K),高雄市政府警察局,仁武分局
高雄市,大樹區,大樹區台22線14K處,高雄市政府警察局,仁武分局
高雄市,大樹區,大坑路台29線86.5K處,高雄市政府警察局,仁武分局
高雄市,大樹區,大樹區(台29線)興田路82-2號前路口,高雄市政府警察局,仁武分局
高雄市,大社區,大社區旗楠路與保糖街口,高雄市政府警察局,高市警局交通大隊
高雄市,大社區,大社區中山路521-9號旁,高雄市政府警察局,仁武分局
高雄市,大社區,和平路二段與中華路14巷口,高雄市政府警察局,仁武分局
高雄市,大社區,和平路一段710-1號前,高雄市政府警察局,仁武分局
高雄市,大社區,大社區翠屏路112巷1-11號旁,高雄市政府警察局,仁武分局
高雄市,大社區,大社區嘉保路與大社路口,高雄市政府警察局,仁武分局
高雄市,大社區,大社區學府路202號對面(往大社市區),高雄市政府警察局,仁武分局
高雄市,仁武區,高楠公路/八德二路,高雄市政府警察局,仁武分局
高雄市,仁武區,高楠公路與八德二路口,高雄市政府警察局,仁武分局
高雄市,仁武區,仁武區高楠公路/八德二路,高雄市政府警察局,仁武分局
高雄市,仁武區,仁武區本館路/球場路,高雄市政府警察局,仁武分局
高雄市,仁武區,鳳仁路183線2.45公里中央分隔島,高雄市政府警察局,仁武分局
高雄市,仁武區,仁武區鳳仁路與竹門巷口,高雄市政府警察局,仁武分局
高雄市,仁武區,澄觀路與八德南路,高雄市政府警察局,仁武分局
高雄市,仁武區,仁武區水管路與鳳仁路,高雄市政府警察局,仁武分局
高雄市,仁武區,仁雄路與澄仁路口,高雄市政府警察局,仁武分局
高雄市,仁武區,澄觀路與鳳仁路口,高雄市政府警察局,仁武分局
高雄市,仁武區,鳳仁路/澄觀路,高雄市政府警察局,仁武分局
高雄市,仁武區,鳳仁路與成功路口,高雄市政府警察局,仁武分局
高雄市,仁武區,鳳仁路5-13號前,高雄市政府警察局,仁武分局
高雄市,仁武區,澄觀路與仁林路口,高雄市政府警察局,仁武分局
高雄市,仁武區,仁武區澄觀路二段/水管路三段,高雄市政府警察局,仁武分局
高雄市,仁武區,澄觀路二段/水管路三段,高雄市政府警察局,仁武分局
高雄市,仁武區,水管路與澄觀路口,高雄市政府警察局,仁武分局
高雄市,仁武區,仁武區水管路三段/義大二路,高雄市政府警察局,仁武分局
高雄市,仁武區,義大二路與公館1巷3號前,高雄市政府警察局,仁武分局
高雄市,鳥松區,松藝路段(南往北往八德南路方向),高雄市政府警察局,仁武分局
高雄市,鳥松區,松藝路段(北往南往圓山路方向),高雄市政府警察局,仁武分局
高雄市,鳥松區,鳥松區大埤路32號自來水廠前,高雄市政府警察局,仁武分局
高雄市,鳥松區,神農路54-6號前,高雄市政府警察局,仁武分局
高雄市,岡山區,國軒路/鵬程東二路口,高雄市政府警察局,岡山分局
高雄市,岡山區,岡山區嘉新西路/岡山路口,高雄市政府警察局,岡山分局
高雄市,岡山區,岡山區岡山路/維新路口,高雄市政府警察局,岡山分局
高雄市,岡山區,大德一路與中山北路,高雄市政府警察局,岡山分局
高雄市,岡山區,岡山區嘉新東路與新庄路口,高雄市政府警察局,岡山分局
高雄市,岡山區,介壽東路與和平路口,高雄市政府警察局,岡山分局
高雄市,岡山區,嘉新東路與聖森路,高雄市政府警察局,岡山分局
高雄市,岡山區,岡山區聖森路與聖森路160巷口,高雄市政府警察局,岡山分局
高雄市,岡山區,岡山區聖森路/岡燕路口,高雄市政府警察局,
高雄市,岡山區,介壽東路與岡燕路,高雄市政府警察局,岡山分局
高雄市,岡山區,嘉峰路高鐵橋下,高雄市政府警察局,岡山分局
高雄市,岡山區,岡山區大莊路60巷90號對面,高雄市政府警察局,岡山分局
高雄市,橋頭區,白樹路175號對面,高雄市政府警察局,岡山分局
高雄市,橋頭區,橋頭區隆豐路/公園路,高雄市政府警察局,岡山分局
高雄市,橋頭區,成功北路與鐵道北路,高雄市政府警察局,岡山分局
高雄市,橋頭區,成功路與新興路,高雄市政府警察局,岡山分局
高雄市,橋頭區,高雄市橋頭區成功南路與仕隆路口,高雄市政府警察局,岡山分局
高雄市,橋頭區,橋頭區成功南路與經武路口,高雄市政府警察局,岡山分局
高雄市,燕巢區,旗楠路段〈鳳旗路44號之10旁〉,高雄市政府警察局,岡山分局
高雄市,燕巢區,高雄市燕巢區中興路與南一巷口(燕巢國中前),高雄市政府警察局,岡山分局
高雄市,燕巢區,鳳澄路7之32號前,高雄市政府警察局,岡山分局
高雄市,燕巢區,台22線深水國小前路口,高雄市政府警察局,岡山分局
高雄市,燕巢區,燕巢區深中路（台22線）國立高雄科學大學燕巢校區前,高雄市政府警察局,岡山分局
高雄市,田寮區,古亭路(台28線)18號以東67.5公尺處(往阿蓮方向),高雄市政府警察局,湖內分局
高雄市,田寮區,鹿埔路19號前,高雄市政府警察局,湖內分局
高雄市,阿蓮區,復安路與玉庫路口(台19甲線往阿蓮市區),高雄市政府警察局,湖內分局
高雄市,路竹區,路竹區環球路與樹人醫事學校前路口,高雄市政府警察局,湖內分局
高雄市,路竹區,中山路與國昌路口,高雄市政府警察局,湖內分局
高雄市,路竹區,中山南路、北嶺二路,高雄市政府警察局,湖內分局
高雄市,高雄市路竹區,高雄園區國道1號聯絡道3.2K至1.5K往西高科方向,保二總隊,保二一大隊
高雄市,路竹區,路竹區復興路327巷口,高雄市政府警察局,高市警局交通大隊
高雄市,路竹區,復興路與復興路1133巷口,高雄市政府警察局,湖內分局
高雄市,高雄市路竹區,高雄園區國道1號聯絡道1.5K至3.3K往東國道方向,保二總隊,保二一大隊
高雄市,路竹區,環球路新生路,高雄市政府警察局,湖內分局
高雄市,湖內區,和平路與東方路口,高雄市政府警察局,湖內分局
高雄市,湖內區,中山路一段與284巷口,高雄市政府警察局,湖內分局
高雄市,茄萣區,茄萣區正順北路近正順東路口,高雄市政府警察局,湖內分局
高雄市,茄萣區,正順北路(高1-1線)與崎漏路口,高雄市政府警察局,湖內分局
高雄市,永安區,台17線(保安路)201.2K處,高雄市政府警察局,岡山分局
高雄市,旗山區,台29線(旗南三路)75.3K處,高雄市政府警察局,旗山分局
高雄市,旗山區,旗山區旗南三路8號以北50公尺處,高雄市政府警察局,旗山分局
高雄市,旗山區,台28線29.2公里處,高雄市政府警察局,旗山分局
高雄市,旗山區,延平1路與旗甲路1段路口,高雄市政府警察局,旗山分局
高雄市,旗山區,中華路與華中街口,高雄市政府警察局,旗山分局
高雄市,旗山區,旗甲路一段(圓潭橋前）,高雄市政府警察局,旗山分局
高雄市,旗山區,旗山區台3線(旗屏二路)與高92線口,高雄市政府警察局,
高雄市,旗山區,旗山區台29線(旗甲路三段)58K+274,高雄市政府警察局,
高雄市,美濃區,美濃區中山路二段359巷口,高雄市政府警察局,旗山分局
高雄市,美濃區,美興街232號前(月光山隧道),高雄市政府警察局,旗山分局
高雄市,美濃區,復興街一段480號前,高雄市政府警察局,旗山分局
高雄市,美濃區,美濃區台28線(中興路一段)37K+412,高雄市政府警察局,
高雄市,美濃區,中華路(台28線)與獅山街口,高雄市政府警察局,旗山分局
高雄市,六龜區,三民路37號前(台28線45.7K),高雄市政府警察局,六龜分局
高雄市,六龜區,台28線茂林國家風景區管理處前路口,高雄市政府警察局,六龜分局
高雄市,六龜區,旗六公路新威國小前,高雄市政府警察局,六龜分局
高雄市,杉林區,杉林區市道181線(杉美路1段)2K+675,高雄市政府警察局,旗山分局
高雄市,杉林區,杉林區台29線53K+207,高雄市政府警察局,旗山分局
高雄市,內門區,內門區市道182號28.9K至31.8K( 往東-內門市區方向),高雄市政府警察局,旗山分局
高雄市,內門區,內門區市道182號28.9K至31.8K( 往西-台南市龍崎區方向),高雄市政府警察局,旗山分局
高雄市,內門區,旗文路(台三線401.88K),高雄市政府警察局,旗山分局
高雄市,內門區,內門區台3線389.5K至392.5K(往北),高雄市政府警察局,旗山分局
高雄市,內門區,內門區台3線389.5K至392.5K(往南),高雄市政府警察局,旗山分局
新北市,板橋區,溪城路與金門街369巷,新北市政府警察局,板橋分局
新北市,板橋區,環漢路沙崙抽水站前,新北市政府警察局,板橋分局
新北市,板橋區,新北環河快速道路7公里處,新北市政府警察局,板橋分局
新北市,板橋區,堤外便道1K+900,新北市政府警察局,板橋分局
新北市,板橋區,環河西路5段「歡仔園防汛陸橋」前,新北市政府警察局,板橋分局
新北市,板橋區,環河西路5段00640燈桿,新北市政府警察局,板橋分局
新北市,新北市板橋區,臺65線5K+390,新北市政府警察局,板橋分局
新北市,板橋區,臺65線快速公路5.4公里,新北市政府警察局,板橋分局
新北市,板橋區,臺65線快速公路7公里,新北市政府警察局,板橋分局
新北市,板橋區,臺64線快速公路20.24公里,新北市政府警察局,海山分局
新北市,板橋區,縣民大道3段與民生路口,新北市政府警察局,海山分局
新北市,板橋區,文化路2段與長江路口,新北市政府警察局,海山分局
新北市,板橋區,民生路1段與三民路2段正隆巷口,新北市政府警察局,海山分局
新北市,板橋區,華江橋下坡處,新北市政府警察局,板橋分局
新北市,板橋區,中山路光復橋頭,新北市政府警察局,海山分局
新北市,三重區,重新堤外道8.9公里處,新北市政府警察局,三重分局
新北市,三重區,中山橋頭,新北市政府警察局,三重分局
新北市,三重區,新北環河快速道路3.2公里處,新北市政府警察局,三重分局
新北市,三重區,新北環河快速道路新北大橋旁,新北市政府警察局,三重分局
新北市,三重區,新北環河快速道路3公里處,新北市政府警察局,三重分局
新北市,三重區,集賢路42號,新北市政府警察局,三重分局
新北市,三重區,環河北路3段168號前,新北市政府警察局,三重分局
新北市,三重區,中山高架橋上,新北市政府警察局,三重分局
新北市,三重區,環河北路3段重陽橋下,新北市政府警察局,三重分局
新北市,三重區,環河北路2段304號,新北市政府警察局,三重分局
新北市,中和區,中正路1203號前,新北市政府警察局,中和分局
新北市,中和區,臺64線快速公路23公里,新北市政府警察局,中和分局
新北市,中和區,中和區環河西路3段,新北市政府警察局,中和分局
新北市,新北市中和區,臺64線快速道路東向25.2k主線及錦和路匝道至28.2k,新北市政府警察局,中和分局
新北市,中和區,臺64線快速公路25.3公里,新北市政府警察局,中和分局
新北市,中和區,中正路與中興街,新北市政府警察局,中和分局
新北市,新北市中和區,臺64線快速道路西向26.6k至28.2k,新北市政府警察局,中和分局
新北市,永和區,新北環河高架保生路匝道處,新北市政府警察局,永和分局
新北市,永和區,環河東路2段10號,新北市政府警察局,永和分局
新北市,新莊區,新莊區壽山路(北118線0K至1.2K),新北市政府警察局,新莊分局
新北市,新莊區,青山路1段173號前,新北市政府警察局,新莊分局
新北市,新莊區,壽山路(北118線0K+950),新北市政府警察局,新莊分局
新北市,新莊區,新北大道7段與鳳山街口,新北市政府警察局,新莊分局
新北市,新莊區,新北大道7段與鳳山街口,新北市政府警察局,新莊分局
新北市,新北市新莊區,中正路879號,新北市政府警察局,新莊分局
新北市,新北市新莊區,中正路757號前,新北市政府警察局,新莊分局
新北市,新莊區,環河路與17越堤道路口,新北市政府警察局,新莊分局
新北市,新莊區,臺65線快速公路1.8公里,新北市政府警察局,新莊分局
新北市,新莊區,臺65線快速公路1.8公里,新北市政府警察局,新莊分局
新北市,新莊區,中環路2段臺65線高架下,新北市政府警察局,新莊分局
新北市,新莊區,中環路3段臺65線下橋墩,新北市政府警察局,新莊分局
新北市,新北市新莊區,思源路與長青路口,新北市政府警察局,新莊分局
新北市,新北市新莊區,思源路370巷口,新北市政府警察局,新莊分局
新北市,新莊區,重新堤外道9.06公里處,新北市政府警察局,新莊分局
新北市,新店區,安康路3段新加坡社區前,新北市政府警察局,新店分局
新北市,新店區,安康路3段與錦秀路口,新北市政府警察局,新店分局
新北市,新店區,安和路3段與永安街口,新北市政府警察局,新店分局
新北市,新店區,安和路2段169巷口,新北市政府警察局,新店分局
新北市,新店區,溪園路375號前,新北市政府警察局,新店分局
新北市,新店區,環河路168號前,新北市政府警察局,新店分局
新北市,新店區,安康路1段與莒光路口,新北市政府警察局,新店分局
新北市,新北市新店區,新店區環河路(中央路至白馬寺),新北市政府警察局,新店分局
新北市,新店區,環河路美河市前,新北市政府警察局,新店分局
新北市,新店區,環河路小碧潭捷運站旁,新北市政府警察局,新店分局
新北市,新北市新店區,新店區環河路(中央路至白馬寺),新北市政府警察局,新店分局
新北市,新店區,環河路白馬寺前,新北市政府警察局,新店分局
新北市,新店區,北宜路1段105巷口,新北市政府警察局,新店分局
新北市,新店區,北新路3段與順安街口,新北市政府警察局,新店分局
新北市,新店區,中興路1段與檳榔路口,新北市政府警察局,新店分局
新北市,新店區,中興路3段與文化路口,新北市政府警察局,新店分局
新北市,新店區,中興路3段與寶中路口,新北市政府警察局,新店分局
新北市,新店區,北宜路1段246號前,新北市政府警察局,新店分局
新北市,新店區,新烏路1段60號旁,新北市政府警察局,新店分局
新北市,新店區,寶橋路78巷口,新北市政府警察局,新店分局
新北市,新店區,中興路2段39號前,新北市政府警察局,新店分局
新北市,新店區,臺9甲線新烏路2段與屈尺路,新北市政府警察局,新店分局
新北市,新店區,北宜路2段82巷口,新北市政府警察局,新店分局
新北市,新北市新店區,北宜路2段348號對面,新北市政府警察局,新店分局
新北市,新北市新店區,臺9線19K至23.1K,新北市政府警察局,新店分局
新北市,新北市新店區,臺9線19K至23.1K,新北市政府警察局,新店分局
新北市,樹林區,中山路高架橋頭,新北市政府警察局,樹林分局
新北市,樹林區,八德街與堤外道路,新北市政府警察局,樹林分局
新北市,樹林區,中山路3段27巷口,新北市政府警察局,樹林分局
新北市,樹林區,中正路與三福路口,新北市政府警察局,樹林分局
新北市,樹林區,中正路與三俊街口,新北市政府警察局,樹林分局
新北市,樹林區,大安路537巷口,新北市政府警察局,樹林分局
新北市,樹林區,大安路與文化街口,新北市政府警察局,樹林分局
新北市,樹林區,大安路249巷口,新北市政府警察局,樹林分局
新北市,樹林區,環漢路五段與東豐街口,新北市政府警察局,樹林分局
新北市,樹林區,大安路249巷口,新北市政府警察局,樹林分局
新北市,樹林區,大安路111巷口,新北市政府警察局,樹林分局
新北市,樹林區,中正路102之2號旁,新北市政府警察局,樹林分局
新北市,樹林區,樹林陸橋樹林端,新北市政府警察局,樹林分局
新北市,鶯歌區,鶯桃路與永和街口,新北市政府警察局,三峽分局
新北市,鶯歌區,中正三路193巷口,新北市政府警察局,三峽分局
新北市,鶯歌區,西湖街191號前,新北市政府警察局,三峽分局
新北市,鶯歌區,環河路與二甲路口,新北市政府警察局,三峽分局
新北市,鶯歌區,中正二路204463號燈桿旁,新北市政府警察局,三峽分局
新北市,鶯歌區,中正一路405號前,新北市政府警察局,三峽分局
新北市,鶯歌區,中正一路與碧龍巷口,新北市政府警察局,三峽分局
新北市,鶯歌區,館前路2.4公里,新北市政府警察局,三峽分局
新北市,三峽區,大埔路臺7乙線7.37公里處,新北市政府警察局,三峽分局
新北市,三峽區,大埔路臺7乙線1.97公里處,新北市政府警察局,三峽分局
新北市,三峽區,五寮臺7乙線7.8公里處,新北市政府警察局,三峽分局
新北市,三峽區,中正路2段264號前,新北市政府警察局,三峽分局
新北市,三峽區,復興路與大勇街口,新北市政府警察局,三峽分局
新北市,新北市三峽區,中正路1段524號旁,新北市政府警察局,三峽分局
新北市,三峽區,中正路1段與大同路口,新北市政府警察局,三峽分局
新北市,三峽區,添福路107之15號旁,新北市政府警察局,三峽分局
新北市,三峽區,台7乙線5.3公里,新北市政府警察局,三峽分局
新北市,新北市三峽區,大義路與學林路口,新北市政府警察局,三峽分局
新北市,三峽區,溪東路197號前,新北市政府警察局,三峽分局
新北市,三峽區,溪東路(市道110號30K+500M往三峽),新北市政府警察局,三峽分局
新北市,三峽區,溪東路350號前,新北市政府警察局,三峽分局
新北市,三峽區,介壽路2段2號前,新北市政府警察局,三峽分局
新北市,三峽區,介壽路3段148號前,新北市政府警察局,三峽分局
新北市,三峽區,安坑路13之8號,新北市政府警察局,三峽分局
新北市,三峽區,安坑路40號前,新北市政府警察局,三峽分局
新北市,淡水區,臺2線8.1公里與埤島里,新北市政府警察局,淡水分局
新北市,淡水區,臺2線8公里與新市二路4段,新北市政府警察局,淡水分局
新北市,淡水區,臺2線與牛埔子路口,新北市政府警察局,淡水分局
新北市,新北市淡水區,淡金路二段125號,新北市政府警察局,淡水分局
新北市,淡水區,臺2線10.56公里處,新北市政府警察局,淡水分局
新北市,淡水區,臺2線與正德國中賢孝校區前,新北市政府警察局,淡水分局
新北市,淡水區,中正東路與竿蓁二街口,新北市政府警察局,淡水分局
新北市,淡水區,中正東路與坪頂路口,新北市政府警察局,淡水分局
新北市,淡水區,中正東路與八勢路口,新北市政府警察局,淡水分局
新北市,淡水區,臺2線與紅樹林捷運站前,新北市政府警察局,淡水分局
新北市,新北市汐止區,汐萬路3段12.8K至14.3K,新北市政府警察局,汐止分局
新北市,新北市汐止區,汐萬路3段11.7K至12.8K,新北市政府警察局,汐止分局
新北市,新北市汐止區,汐萬路3段12.8K至14.3K,新北市政府警察局,汐止分局
新北市,新北市汐止區,汐萬路3段6.2K至11.7K,新北市政府警察局,汐止分局
新北市,新北市汐止區,汐萬路3段11.7K至12.8K,新北市政府警察局,汐止分局
新北市,新北市汐止區,汐萬路3段6.2K至11.7K,新北市政府警察局,汐止分局
新北市,汐止區,大同路1段與樟樹二路口,新北市政府警察局,汐止分局
新北市,汐止區,大同路1段與樟樹一路口,新北市政府警察局,汐止分局
新北市,汐止區,臺5線14.4公里處,新北市政府警察局,汐止分局
新北市,汐止區,臺5線15.86公里處,新北市政府警察局,汐止分局
新北市,汐止區,大同路3段205號前,新北市政府警察局,汐止分局
新北市,汐止區,新臺五路與茄苳路口,新北市政府警察局,汐止分局
新北市,汐止區,臺5線17.68公里處,新北市政府警察局,汐止分局
新北市,汐止區,大同路3段與保新路口,新北市政府警察局,汐止分局
新北市,瑞芳區,楓仔瀨路瑞楓陸橋前臺2丁線5.95k,新北市政府警察局,瑞芳分局
新北市,瑞芳區,臺62甲線4.9公里處,新北市政府警察局,瑞芳分局
新北市,瑞芳區,臺62線下明燈路匝道,新北市政府警察局,瑞芳分局
新北市,瑞芳區,臺62線快速公路16.83公里處,新北市政府警察局,瑞芳分局
新北市,瑞芳區,臺62線快速公路16.95公里處,新北市政府警察局,瑞芳分局
新北市,瑞芳區,中山路與東和街口,新北市政府警察局,瑞芳分局
新北市,瑞芳區,臺2丁線與明燈路口,新北市政府警察局,瑞芳分局
新北市,瑞芳區,臺2線72.4公里,新北市政府警察局,瑞芳分局
新北市,瑞芳區,臺2線81公里欽賢國中旁,新北市政府警察局,瑞芳分局
新北市,瑞芳區,臺2線78.4公里處與北34路口,新北市政府警察局,瑞芳分局
新北市,瑞芳區,臺2線81.2公里與南雅路,新北市政府警察局,瑞芳分局
新北市,瑞芳區,臺2線84.6公里鼻頭隧道口,新北市政府警察局,瑞芳分局
新北市,土城區,中央路4段與龍泉路口,新北市政府警察局,土城分局
新北市,土城區,擺接堡路與民權街,新北市政府警察局,土城分局
新北市,土城區,擺接堡路與民權街口,新北市政府警察局,土城分局
新北市,土城區,中央路3段與中興路口,新北市政府警察局,土城分局
新北市,土城區,中央路3段與大安路,新北市政府警察局,土城分局
新北市,土城區,擺接堡路2.5公里處與自強路口,新北市政府警察局,土城分局
新北市,土城區,臺65線快速公路10.4公里,新北市政府警察局,土城分局
新北市,土城區,臺65線快速公路10.4公里,新北市政府警察局,土城分局
新北市,土城區,擺接堡路1號裕德國小前,新北市政府警察局,土城分局
新北市,新北市土城區,金城路1段62號,新北市政府警察局,土城分局
新北市,土城區,金城路2段27號前,新北市政府警察局,土城分局
新北市,土城區,城林橋頭,新北市政府警察局,土城分局
新北市,土城區,中華路1段與裕民路口,新北市政府警察局,土城分局
新北市,土城區,中華路2段與水源街口,新北市政府警察局,土城分局
新北市,土城區,金城路2段46巷口,新北市政府警察局,土城分局
新北市,蘆洲區,環堤大道與永樂街口,新北市政府警察局,蘆洲分局
新北市,蘆洲區,三民路與長榮路口,新北市政府警察局,蘆洲分局
新北市,蘆洲區,環堤大道與民族路422巷口,新北市政府警察局,蘆洲分局
新北市,新北市五股區,新五路2段572號,新北市政府警察局,蘆洲分局
新北市,五股區,新五路2段347號前,新北市政府警察局,蘆洲分局
新北市,五股區,新五路3段210號,新北市政府警察局,蘆洲分局
新北市,五股區,臺64線快速公路10.4公里,新北市政府警察局,蘆洲分局
新北市,五股區,疏洪一路1K+535,新北市政府警察局,蘆洲分局
新北市,新北市五股區,成泰路4段43號前,新北市政府警察局,蘆洲分局
新北市,新北市泰山區,大科路686號前,新北市政府警察局,林口分局
新北市,泰山區,大科路331之6號旁,新北市政府警察局,林口分局
新北市,泰山區,泰林路3段370巷對面,新北市政府警察局,林口分局
新北市,泰山區,公園路60號對面,新北市政府警察局,林口分局
新北市,泰山區,新北大道6段85號,新北市政府警察局,林口分局
新北市,林口區,臺61線快速公路19.8公里處,新北市政府警察局,林口分局
新北市,林口區,文化北路一段與忠孝一路口,新北市政府警察局,林口分局
新北市,林口區,臺61線快速公路14公里處,新北市政府警察局,林口分局
新北市,新北市林口區,文化三路1段249巷旁,新北市政府警察局,林口分局
新北市,林口區,文化北路1段492巷口新北市特殊教育學校前,新北市政府警察局,林口分局
新北市,林口區,中山路與中原街口,新北市政府警察局,林口分局
新北市,林口區,文化二路與仁愛二路口,新北市政府警察局,林口分局
新北市,林口區,文化二路1段571號,新北市政府警察局,林口分局
新北市,林口區,文化一路1段與麗園一街口,新北市政府警察局,林口分局
新北市,林口區,文化北路2段與寶林路口,新北市政府警察局,林口分局
新北市,林口區,文化三路2段328號前,新北市政府警察局,林口分局
新北市,林口區,中山路562號,新北市政府警察局,林口分局
新北市,林口區,文化1路、竹林一路口,新北市政府警察局,林口分局
新北市,林口區,仁愛路1段691號前與竹林路口,新北市政府警察局,林口分局
新北市,深坑區,文山路三段16之1號前,新北市政府警察局,新店分局
新北市,深坑區,106乙線0.5公里,新北市政府警察局,新店分局
新北市,新北市深坑區,106乙線文山路2段喜樂橋頭,新北市政府警察局,新店分局
新北市,深坑區,深南路與風格街口,新北市政府警察局,新店分局
新北市,深坑區,文山路2段30巷口,新北市政府警察局,新店分局
新北市,新北市深坑區,文山路1段與旺躭路45巷口,新北市政府警察局,新店分局
新北市,新北市深坑區,文山路1段與北深路1段229巷口,新北市政府警察局,新店分局
新北市,石碇區,北宜路4段6號(21.3公里),新北市政府警察局,新店分局
新北市,新北市石碇區,臺9線23.1K至26.2K,新北市政府警察局,新店分局
新北市,石碇區,北宜路5段67號前,新北市政府警察局,新店分局
新北市,石碇區,臺9線26.2公里,新北市政府警察局,新店分局
新北市,新北市石碇區,臺9線23.1K至26.2K,新北市政府警察局,新店分局
新北市,新北市石碇區,臺9線26.2K至32.2K,新北市政府警察局,新店分局
新北市,石碇區,106線靜安路1段356號前,新北市政府警察局,新店分局
新北市,石碇區,106線靜安路1段236號前,新北市政府警察局,新店分局
新北市,新北市坪林區,臺9線26.2K至32.2K,新北市政府警察局,新店分局
新北市,新北市坪林區,臺9線32.2K至33.3K,新北市政府警察局,新店分局
新北市,新北市坪林區,臺9線32.2K至33.3K,新北市政府警察局,新店分局
新北市,新北市坪林區,臺9線33.3K至37.2K,新北市政府警察局,新店分局
新北市,新北市坪林區,臺9線33.3K至37.2K,新北市政府警察局,新店分局
新北市,新北市坪林區,臺9線37.2K至42.2K,新北市政府警察局,新店分局
新北市,坪林區,臺9線37.3公里,新北市政府警察局,新店分局
新北市,坪林區,臺9線38公里,新北市政府警察局,新店分局
新北市,新北市坪林區,臺9線37.2K至42.2K,新北市政府警察局,新店分局
新北市,新北市坪林區,臺9線42.2K至48.4K,新北市政府警察局,新店分局
新北市,坪林區,臺9線42.2公里,新北市政府警察局,新店分局
新北市,新北市坪林區,臺9線42.2K至48.4K,新北市政府警察局,新店分局
新北市,新北市坪林區,臺9線48.4K至56.3K,新北市政府警察局,新店分局
新北市,新北市坪林區,臺9線48.4K至56.3K,新北市政府警察局,新店分局
新北市,三芝區,臺2線淡金公路5段屯山國小前,新北市政府警察局,淡水分局
新北市,三芝區,臺2線14.5公里與大片頭前,新北市政府警察局,淡水分局
新北市,三芝區,臺2線與海景街口,新北市政府警察局,淡水分局
新北市,三芝區,臺2線與海景街口,新北市政府警察局,淡水分局
新北市,三芝區,臺2線18.05公里處,新北市政府警察局,淡水分局
新北市,三芝區,臺2線18.8公里處,新北市政府警察局,淡水分局
新北市,三芝區,臺2線19.7公里與埔頭坑路口,新北市政府警察局,淡水分局
新北市,石門區,臺2線22.8公里北觀處,新北市政府警察局,金山分局
新北市,石門區,臺2線27.5公里,新北市政府警察局,金山分局
新北市,石門區,臺2線27.9公里與石門國中前,新北市政府警察局,金山分局
新北市,石門區,臺2線28.5公里處,新北市政府警察局,金山分局
新北市,八里區,臺15線中山路3段383號前,新北市政府警察局,蘆洲分局
新北市,八里區,中山路3段與下罟子漁港路口,新北市政府警察局,蘆洲分局
新北市,八里區,中山路3段112號前,新北市政府警察局,蘆洲分局
新北市,八里區,中華路3段236號長坑國小前,新北市政府警察局,蘆洲分局
新北市,八里區,臺64線快速公路2.85公里,新北市政府警察局,蘆洲分局
新北市,八里區,中華路2段165巷,新北市政府警察局,蘆洲分局
新北市,八里區,中山路1段與忠八街口,新北市政府警察局,蘆洲分局
新北市,八里區,省道台64線西向1.6K至5.4K,新北市政府警察局,蘆洲分局
新北市,八里區,中華路1段與中山路口,新北市政府警察局,蘆洲分局
新北市,八里區,龍米路3段48-51號,新北市政府警察局,蘆洲分局
新北市,八里區,龍米路2段與觀海大道口,新北市政府警察局,蘆洲分局
新北市,八里區,龍米路2段與渡船頭街口,新北市政府警察局,蘆洲分局
新北市,八里區,龍米路2段153之3號前,新北市政府警察局,蘆洲分局
新北市,八里區,龍米路2段第391033號燈桿前,新北市政府警察局,蘆洲分局
新北市,八里區,龍米路2段米倉國小前,新北市政府警察局,蘆洲分局
新北市,八里區,龍米路1段聖心女中前,新北市政府警察局,蘆洲分局
新北市,八里區,龍米路1段與龍形一街口,新北市政府警察局,蘆洲分局
新北市,八里區,龍米路1段與龍形三街口,新北市政府警察局,蘆洲分局
新北市,八里區,龍米路1段90巷口,新北市政府警察局,蘆洲分局
新北市,八里區,龍米路一段65巷口,新北市政府警察局,蘆洲分局
新北市,八里區,龍米路1段2之1號旁,新北市政府警察局,蘆洲分局
新北市,雙溪區,臺2丙線12.7公里,新北市政府警察局,瑞芳分局
新北市,雙溪區,臺2丙線17公里,新北市政府警察局,瑞芳分局
新北市,雙溪區,臺2丙線過港隧道與中山路口,新北市政府警察局,瑞芳分局
新北市,貢寮區,臺2丙線25.95公里,新北市政府警察局,瑞芳分局
新北市,貢寮區,臺2線91公里,新北市政府警察局,瑞芳分局
新北市,貢寮區,臺2線與仁愛路口,新北市政府警察局,瑞芳分局
新北市,貢寮區,臺2線與仁愛路口,新北市政府警察局,瑞芳分局
新北市,貢寮區,臺2線96.55公里處,新北市政府警察局,瑞芳分局
新北市,貢寮區,臺2線100.2公里處,新北市政府警察局,瑞芳分局
新北市,新北市貢寮區,臺2線112.1公里,新北市政府警察局,瑞芳分局
新北市,貢寮區,臺2線104.6公里處,新北市政府警察局,瑞芳分局
新北市,金山區,臺2線35.3公里處,新北市政府警察局,金山分局
新北市,金山區,臺2甲線0.9公里處,新北市政府警察局,金山分局
新北市,金山區,臺2線38.9公里處,新北市政府警察局,金山分局
新北市,金山區,臺2線與陽金公路口,新北市政府警察局,金山分局
新北市,金山區,臺2線42.5公里處,新北市政府警察局,金山分局
新北市,萬里區,臺2線43.5公里大鵬派出所前,新北市政府警察局,金山分局
新北市,萬里區,臺2線大鵬國小對面,新北市政府警察局,金山分局
新北市,萬里區,臺2線47.1公里萬里隧道出口處,新北市政府警察局,金山分局
新北市,新北市萬里區,萬里隧道,新北市政府警察局,金山分局
新北市,萬里區,臺2線48.3公里萬里隧道出口處,新北市政府警察局,金山分局
新北市,新北市萬里區,萬里隧道,新北市政府警察局,金山分局
新北市,萬里區,臺2線49.5公里處,新北市政府警察局,金山分局
臺中市,中區,公園路與中華路二段路口,臺中市政府警察局,第一分局
臺中市,中區,建國路與民權路口,臺中市政府警察局,第一分局
臺中市,東區,東區建成路521號前,臺中市政府警察局,
臺中市,東區,東區旱溪西路二段17巷口,臺中市政府警察局,
臺中市,東區,環中東路四段與樂業路口,臺中市政府警察局,第三分局
臺中市,南區,南區復興路一段129號前,臺中市政府警察局,
臺中市,南區,復興路一段與工學路口,臺中市政府警察局,第三分局
臺中市,南區,南區文心南路930號前,臺中市政府警察局,
臺中市,南區,南區南平路97號前,臺中市政府警察局,
臺中市,南區,國光路與南門路口,臺中市政府警察局,第三分局
臺中市,南區,南區忠明南路1265號前,臺中市政府警察局,
臺中市,西區,西區忠明南路與忠明南路326巷口,臺中市政府警察局,
臺中市,西區,忠明南路口與民生路口,臺中市政府警察局,第一分局
臺中市,西區,臺灣大道二段與忠明路口,臺中市政府警察局,第一分局
臺中市,西區,西區建國北路二段101號前,臺中市政府警察局,
臺中市,西區,五權路與英才路口,臺中市政府警察局,第一分局
臺中市,北區,進化北路與學士路口,臺中市政府警察局,第二分局
臺中市,北區,三民路三段與育才街口(往公園路方向),臺中市政府警察局,第二分局
臺中市,北區,崇德路一段與太原路二段路口,臺中市政府警察局,第二分局
臺中市,北區,三民路三段與崇德路一段路口(往五權路方向),臺中市政府警察局,第二分局
臺中市,北區,北區東光路270號前,臺中市政府警察局,
臺中市,西屯區,西屯區都會園路(往西屯路距都會公園1.35公里),臺中市政府警察局,
臺中市,西屯區,西屯區臺灣大道四段2088號前(往市區),臺中市政府警察局,
臺中市,西屯區,台灣大道四段與東大路一段路口(往市區),臺中市政府警察局,第六分局
臺中市,西屯區,西屯區臺灣大道四段近東大路一段(側門慢車道),臺中市政府警察局,
臺中市,西屯區,西屯區東大路一段450號前往西屯路三段方向,臺中市政府警察局,
臺中市,西屯區,科園路29號,保二總隊,保二三大隊
臺中市,西屯區,西屯區西屯路三段261號前,臺中市政府警察局,
臺中市,西屯區,西屯區福科路617號前往福林路方向中央分隔島,臺中市政府警察局,
臺中市,西屯區,安和路1號前,臺中市政府警察局,第六分局
臺中市,西屯區,臺灣大道四段與中工三路口,臺中市政府警察局,第六分局
臺中市,西屯區,西屯區安和路99-38號前,臺中市政府警察局,
臺中市,西屯區,福雅路與西林巷口,臺中市政府警察局,第六分局
臺中市,西屯區,環中路三段(龍洋巷50-15號前),臺中市政府警察局,第六分局
臺中市,西屯區,西屯區市政路123號前,臺中市政府警察局,
臺中市,西屯區,台灣大道三段與河南路三段路口(往市區),臺中市政府警察局,第六分局
臺中市,西屯區,西屯區環中路二段766號,臺中市政府警察局,
臺中市,西屯區,西屯區黎明路三段與僑大五路口,臺中市政府警察局,
臺中市,西屯區,西屯區中彰快速道路12.7K(往烏日方向),臺中市政府警察局,
臺中市,西屯區,西屯區中彰快速道路13.3K(往中清路方向),臺中市政府警察局,
臺中市,西屯區,中清路二段與環中路一段路口(往大雅區),臺中市政府警察局,第六分局
臺中市,西屯區,河南路二段與長安路二段路口,臺中市政府警察局,第六分局
臺中市,南屯區,向上路五段往龍井區方向(距五權西路1.2K處),臺中市政府警察局,第四分局
臺中市,南屯區,向上路五段(往市區距離精科路360公尺),臺中市政府警察局,第四分局
臺中市,南屯區,南屯區永春南路148號前,臺中市政府警察局,
臺中市,南屯區,南屯區五權西路三段225-7號前,臺中市政府警察局,
臺中市,南屯區,南屯區中彰快速道路4.8K,臺中市政府警察局,
臺中市,南屯區,環中路三段與五權西路二段口,臺中市政府警察局,第四分局
臺中市,南屯區,南屯區環中路四段56-8號,臺中市政府警察局,
臺中市,南屯區,環中路四段與向上路三段路口,臺中市政府警察局,第四分局
臺中市,南屯區,南屯區向上路三段418號前,臺中市政府警察局,
臺中市,南屯區,南屯區環中路四段643號前,臺中市政府警察局,
臺中市,南屯區,南屯區五權西路二段1001號前,臺中市政府警察局,
臺中市,南屯區,永春東路1387號前,臺中市政府警察局,第四分局
臺中市,南屯區,南屯區永春東路1392號對面,臺中市政府警察局,
臺中市,南屯區,公益路二段與文心路一段路口,臺中市政府警察局,第四分局
臺中市,北屯區,松竹路三段與后庄路口,臺中市政府警察局,第五分局
臺中市,北屯區,北屯區四平路仁愛公園旁,臺中市政府警察局,
臺中市,北屯區,崇德路二段與文心路四段路口,臺中市政府警察局,第五分局
臺中市,北屯區,北屯區崇德路三段938號前,臺中市政府警察局,
臺中市,北屯區,太原路三段與旱溪東路三段路口,臺中市政府警察局,第五分局
臺中市,北屯區,北屯區旱溪東路三段48號前,臺中市政府警察局,
臺中市,北屯區,北屯區太原路三段1027-1號前,臺中市政府警察局,
臺中市,北屯區,北屯區軍功路二段571號前,臺中市政府警察局,
臺中市,北屯區,環中東路三段與太原路三段路口(下閘道及慢車道往太平),臺中市政府警察局,第五分局
臺中市,北屯區,北屯區松竹路一段360號前(往環中東路一段方向),臺中市政府警察局,
臺中市,北屯區,北屯區廍子路456號前,臺中市政府警察局,
臺中市,北屯區,北屯區祥順路二段398號前,臺中市政府警察局,
臺中市,北屯區,北屯區廍子路與廍子路700巷口,臺中市政府警察局,
臺中市,北屯區,北屯區東山路二段151-3號前,臺中市政府警察局,
臺中市,豐原區,豐原區豐原大道八段(愛心紀念公園前),臺中市政府警察局,
臺中市,豐原區,豐原區國豐路一段501號,臺中市政府警察局,
臺中市,豐原區,圓環北路二段與大順街口,臺中市政府警察局,豐原分局
臺中市,豐原區,豐原區豐原大道六段516號前,臺中市政府警察局,
臺中市,豐原區,豐原區豐原大道四段近379號前,臺中市政府警察局,
臺中市,豐原區,豐勢路二段與豐年路口,臺中市政府警察局,豐原分局
臺中市,豐原區,豐勢路二段與萬順一街口,臺中市政府警察局,豐原分局
臺中市,東勢區,東勢區東蘭路(台3線152.3K),臺中市政府警察局,
臺中市,東勢區,東關路六段與新盛街口,臺中市政府警察局,東勢分局
臺中市,東勢區,東關路六段199巷口,臺中市政府警察局,東勢分局
臺中市,東勢區,東勢區東關路六段近262巷,臺中市政府警察局,
臺中市,大甲區,大甲區中山路一段近東安路處,臺中市政府警察局,
臺中市,大甲區,經國路與光明路口,臺中市政府警察局,大甲分局
臺中市,大甲區,經國路與育英路口,臺中市政府警察局,大甲分局
臺中市,大甲區,經國路與和平路口,臺中市政府警察局,大甲分局
臺中市,大甲區,中山路二段與幼獅路口,臺中市政府警察局,大甲分局
臺中市,大甲區,經國路與通天路口,臺中市政府警察局,大甲分局
臺中市,清水區,環港北路190燈桿(高美濕地景觀橋旁),臺中港警總隊,
臺中市,清水區,臨港路六段與港埠路五段路口,臺中市政府警察局,清水分局
臺中市,清水區,臨港路六段與高美路口,臺中市政府警察局,清水分局
臺中市,清水區,中清路九段91巷口,臺中市政府警察局,清水分局
臺中市,清水區,臺61線快速道路148.1K至156.4K,臺中市政府警察局,
臺中市,清水區,中華路與鰲峰路口,臺中市政府警察局,清水分局
臺中市,清水區,中華路與高美路口,臺中市政府警察局,清水分局
臺中市,清水區,清水區臨港路七段(台17線近1K處),臺中市政府警察局,
臺中市,清水區,清水區中山路553號前,臺中市政府警察局,
臺中市,沙鹿區,沙鹿區向上路七段近321號,臺中市政府警察局,
臺中市,沙鹿區,臺灣大道七段與七賢路口,臺中市政府警察局,清水分局
臺中市,沙鹿區,沙鹿區向上路六段752號前(龍井交流道),臺中市政府警察局,
臺中市,沙鹿區,沙鹿區臺灣大道七段466號前,臺中市政府警察局,
臺中市,沙鹿區,沙鹿區中清路七段(台10線5.5K),臺中市政府警察局,
臺中市,沙鹿區,臺灣大道七段(台12線6.4k)(靜宜大學),臺中市政府警察局,清水分局
臺中市,沙鹿區,臺灣大道六段(台12線7.4k)(弘光科技大學),臺中市政府警察局,清水分局
臺中市,沙鹿區,沙鹿區中清路七段(台10線6.7K),臺中市政府警察局,
臺中市,沙鹿區,沙鹿區中清路六段(台10線9.2K),臺中市政府警察局,
臺中市,梧棲區,中二路3k+587處(建新物流專區旁),臺中港警總隊,
臺中市,梧棲區,中二路與臺灣大道10段路口,臺中港警總隊,
臺中市,梧棲區,臺61線快速道路157.8K至151.6K,臺中市政府警察局,
臺中市,梧棲區,中二路與中橫一路路口,臺中港警總隊,
臺中市,梧棲區,港埠路二段與大智路二段路口,臺中市政府警察局,清水分局
臺中市,梧棲區,梧棲區中華路一段(台1線168.5K),臺中市政府警察局,
臺中市,后里區,臺中市西屯區東大路一段與中科路口,保二總隊,保二三大隊
臺中市,后里區,三豐路三段(正隆紙廠)前,臺中市政府警察局,大甲分局
臺中市,后里區,后科路三段2號(后里園區汙水處理廠),保二總隊,保二三大隊
臺中市,后里區,后里區三豐路三段與枋寮路口,臺中市政府警察局,
臺中市,后里區,后里區三豐路五段(中社花市前),臺中市政府警察局,
臺中市,后里區,后科路二段(盟力公司),保二總隊,保二三大隊
臺中市,后里區,臺中市后里區后科路一段(友達公司3號保全崗旁),保二總隊,保二三大隊
臺中市,神岡區,神岡區民生路122號前(台10線17.4K),臺中市政府警察局,
臺中市,神岡區,神岡區崇德路3之1號前,臺中市政府警察局,
臺中市,潭子區,崇德路四段與雅潭路口,臺中市政府警察局,豐原分局
臺中市,潭子區,潭子區中山路一段261號前,臺中市政府警察局,
臺中市,潭子區,中山路二段與潭子街一段路口,臺中市政府警察局,豐原分局
臺中市,潭子區,中山路三段與祥和路口,臺中市政府警察局,豐原分局
臺中市,潭子區,潭子區中彰快速道路19.4K(往烏日方向),臺中市政府警察局,
臺中市,潭子區,潭子區中彰快速道路19.4K(往太平方向),臺中市政府警察局,
臺中市,潭子區,潭子區豐興路二段(中89線4.2K),臺中市政府警察局,
臺中市,潭子區,潭子區豐興路二段(中89線3.96K北上),臺中市政府警察局,
臺中市,大雅區,中部科學工業園區中科路近科雅東路口,保二總隊,保二第三大隊
臺中市,大雅區,大雅區中科路1088號前往永和路方向快慢分隔島,臺中市政府警察局,
臺中市,大雅區,大雅區雅潭路三段與雅潭路三段400巷口(橋上),臺中市政府警察局,
臺中市,石岡區,明德路與大勇街口,臺中市政府警察局,東勢分局
臺中市,石岡區,石岡區明德路68之2號前,臺中市政府警察局,
臺中市,石岡區,石岡區豐勢路與廣華街口,臺中市政府警察局,
臺中市,石岡區,豐勢路與萬仙街口,臺中市政府警察局,東勢分局
臺中市,烏日區,中山路三段與高鐵東路口(往市區方向),臺中市政府警察局,烏日分局
臺中市,烏日區,烏日區環中路八段599號前,臺中市政府警察局,
臺中市,烏日區,烏日區中山路三段917號前,臺中市政府警察局,
臺中市,烏日區,中山路三段與學田路口,臺中市政府警察局,烏日分局
臺中市,烏日區,烏日區環河路二段(近春源鋼鐵公司),臺中市政府警察局,
臺中市,烏日區,環中路八段與褔泰街口,臺中市政府警察局,烏日分局
臺中市,烏日區,環中路六段與光明路口,臺中市政府警察局,烏日分局
臺中市,烏日區,環中路七段與勤農巷口,臺中市政府警察局,烏日分局
臺中市,大肚區,沙田路三段889巷路口,臺中市政府警察局,烏日分局
臺中市,大肚區,自由路與仁德路口,臺中市政府警察局,烏日分局
臺中市,龍井區,環港南路81至82號燈桿間,臺中港警總隊,
臺中市,龍井區,中南一路6K+222公尺處(中龍鋼鐵旁),臺中港警總隊,
臺中市,龍井區,龍井區西濱路二段與臨港東路二段路口,臺中市政府警察局,烏日分局
臺中市,龍井區,龍井區向上路八段與193巷口處,臺中市政府警察局,
臺中市,龍井區,龍井區中華路二段480號前,臺中市政府警察局,
臺中市,龍井區,中華路一段與茄投路口,臺中市政府警察局,烏日分局
臺中市,龍井區,龍井區中華路一段(台1線175.5k),臺中市政府警察局,
臺中市,龍井區,龍井區向上路6段與中興路口至沙鹿區向上路6段與自立路口,臺中市政府警察局,
臺中市,龍井區,中興路東端路口,臺中市政府警察局,烏日分局
臺中市,龍井區,龍井區向上路六段(中136線10.2K),臺中市政府警察局,
臺中市,龍井區,龍井區臺灣大道六段與水裡社路口處(台12線10.1K),臺中市政府警察局,
臺中市,霧峰區,霧峰區中正路569-9號前,臺中市政府警察局,
臺中市,霧峰區,中正路與吉峰路口(往大里方向),臺中市政府警察局,霧峰分局
臺中市,霧峰區,霧峰區環河路一段702號,臺中市政府警察局,
臺中市,霧峰區,霧峰區中投公路11.4K(南下),臺中市政府警察局,
臺中市,霧峰區,霧峰區中投公路11.5K(北上),臺中市政府警察局,
臺中市,太平區,中彰快速道路東平路匝道口,臺中市政府警察局,太平分局
臺中市,太平區,太平區中彰快速道路27.5K(往大里方向),臺中市政府警察局,
臺中市,太平區,環中東路四段與十甲路口,臺中市政府警察局,太平分局
臺中市,太平區,太平區中彰快速道路25.9K(往潭子方向),臺中市政府警察局,
臺中市,太平區,太平區環中東路三段(育才路與樹孝路67巷間),臺中市政府警察局,
臺中市,太平區,太平區祥順路一段310號前,臺中市政府警察局,
臺中市,大里區,大里區環河路一段188號(中來水泥廠前),臺中市政府警察局,
臺中市,大里區,大里區國光路二段505號前,臺中市政府警察局,
臺中市,大里區,大里區國光路一段72號前,臺中市政府警察局,
臺中市,大里區,德芳南路口與環中東路六段路口,臺中市政府警察局,霧峰分局
臺中市,大里區,大里區中投公路4.5K(南下),臺中市政府警察局,
臺中市,大里區,大里區中投公路4.4K(北上),臺中市政府警察局,
臺中市,大里區,文心南路與福德路口,臺中市政府警察局,霧峰分局
臺南市,新營區,長榮路與三興街口172線20.05公里,臺南市政府警察局,新營分局
臺南市,新營區,臺1線290.3公里與東山路口,臺南市政府警察局,新營分局
臺南市,新營區,長榮路與臺一線路口,臺南市政府警察局,新營分局
臺南市,新營區,南314線1公里,臺南市政府警察局,新營分局
臺南市,鹽水區,飯店里臺19線110.3公里,臺南市政府警察局,新營分局
臺南市,鹽水區,三和里田寮往臺19線路口,臺南市政府警察局,新營分局
臺南市,鹽水區,歡雅里臺19線105.6公里,臺南市政府警察局,新營分局
臺南市,白河區,臺1線281.7公里處後壁陸橋北端,臺南市政府警察局,白河分局
臺南市,白河區,臺1線279.9公里與南91線路口,臺南市政府警察局,白河分局
臺南市,柳營區,長榮路四段近2.8公里處,臺南市政府警察局,新營分局
臺南市,柳營區,臺1線294.1公里,臺南市政府警察局,新營分局
臺南市,東山區,165線18.82公里,臺南市政府警察局,白河分局
臺南市,東山區,曾文水庫道路7公里,保七總隊,保七第二大隊
臺南市,東山區,曾文水庫道路7.5K公里,保七總隊,保七第二大隊
臺南市,東山區,曾文水庫道路8.1公里,保七總隊,保七第二大隊
臺南市,麻豆區,176線16.9公里麻豆口路口,臺南市政府警察局,麻豆分局
臺南市,麻豆區,新生南路與中山路口,臺南市政府警察局,麻豆分局
臺南市,麻豆區,臺19甲線與中正、文昌路口,臺南市政府警察局,麻豆分局
臺南市,麻豆區,臺19甲17.2公里與新生南路路口,臺南市政府警察局,麻豆分局
臺南市,六甲區,臺1線297.3公里與174線路口,臺南市政府警察局,麻豆分局
臺南市,六甲區,臺1線298.8公里與174線路口,臺南市政府警察局,麻豆分局
臺南市,官田區,臺1線302公里,臺南市政府警察局,麻豆分局
臺南市,大內區,臺84線37.2公里處走馬瀨隧道口,臺南市政府警察局,善化分局
臺南市,學甲區,臺19線117.5公里大安里大灣路口,臺南市政府警察局,學甲分局
臺南市,西港區,臺19線125.8公里與南45線往後營路口,臺南市政府警察局,佳里分局
臺南市,七股區,臺17線152.6公里大潭寮路口,臺南市政府警察局,佳里分局
臺南市,七股區,臺17線162.05公里與南38線路口,臺南市政府警察局,佳里分局
臺南市,七股區,臺17線153.95公里處,臺南市政府警察局,佳里分局
臺南市,七股區,臺17線155.6公里篤加國小前路口,臺南市政府警察局,佳里分局
臺南市,北門區,臺61線281.9公里,臺南市政府警察局,學甲分局
臺南市,新化區,臺19甲線33.5公里,臺南市政府警察局,新化分局
臺南市,新化區,中正路與中山路口,臺南市政府警察局,新化分局
臺南市,新化區,中正路與信義路路口周邊路段,臺南市政府警察局,新化分局
臺南市,新化區,臺19甲線與信義路路口,臺南市政府警察局,新化分局
臺南市,新化區,臺20線15.9公里國8道路口,臺南市政府警察局,新化分局
臺南市,善化區,南科北路與環西路二段,保二總隊,保二第一大隊
臺南市,善化區,環西路二段與南科七路口,保二總隊,保二第一大隊
臺南市,善化區,南科北路與南科九路口,保二總隊,保二第一大隊
臺南市,善化區,南科北路與南科九路口,保二總隊,保二第一大隊
臺南市,善化區,南科北路與南科八路口,保二總隊,保二第一大隊
臺南市,善化區,南科北路與南科七路口,保二總隊,保二第一大隊
臺南市,善化區,環東路二段與南科九路口,保二總隊,保二第一大隊
臺南市,善化區,南科七路與環東路二段路口,保二總隊,保二第一大隊
臺南市,善化區,南科七路與三抱竹路口,保二總隊,保二第一大隊
臺南市,善化區,西拉雅大道與大順六路口,保二總隊,保二第一大隊
臺南市,善化區,西拉雅大道與大順六路口,保二總隊,保二第一大隊
臺南市,善化區,臺1線310.6公里處,臺南市政府警察局,善化分局
臺南市,新市區,南科三路與道爺路口,保二總隊,保二第一大隊
臺南市,新市區,社內里大洲五號橋T字路口,臺南市政府警察局,善化分局
臺南市,新市區,新港社大道(橋上雙向),保二總隊,保二第一大隊
臺南市,新市區,西拉雅大道與南科南北路口,保二總隊,保二第一大隊
臺南市,新市區,西拉雅大道與南科南路口,保二總隊,保二第一大隊
臺南市,新市區,南科南路與南科三路,保二總隊,保二第一大隊
臺南市,新市區,臺一線與新港社大道,臺南市政府警察局,善化分局
臺南市,新市區,南科南路與環西路一段路口,保二總隊,保二一大隊
臺南市,新市區,南科南路與環西路一段路口,保二總隊,保二第一大隊
臺南市,新市區,南科南路與新港社高架橋前,保二總隊,保二第一大隊
臺南市,新市區,西拉雅大道與環東路二段路口,保二總隊,保二第一大隊
臺南市,新市區,西拉雅大道與環東路二段路口,保二總隊,保二第一大隊
臺南市,新市區,大順七路與大順二路口,保二總隊,保二第一大隊
臺南市,新市區,臺19甲線與西拉雅大道,臺南市政府警察局,善化分局
臺南市,新市區,臺19甲線28公里處,臺南市政府警察局,善化分局
臺南市,新市區,臺1線317.7公里,臺南市政府警察局,善化分局
臺南市,安定區,臺19線132.7公里中崙段,臺南市政府警察局,善化分局
臺南市,安定區,178線7.9公里與南134線路口,臺南市政府警察局,善化分局
臺南市,安定區,嘉榮路512號前,臺南市政府警察局,善化分局
臺南市,安定區,嘉榮路512號前,臺南市政府警察局,善化分局
臺南市,玉井區,臺84線40.38公里,臺南市政府警察局,玉井分局
臺南市,玉井區,臺84線40.8公里,臺南市政府警察局,玉井分局
臺南市,玉井區,臺20線與台3線中華路口,臺南市政府警察局,玉井分局
臺南市,楠西區,臺3線369公里,臺南市政府警察局,玉井分局
臺南市,楠西區,臺南市 楠西區 曾文水庫道路3.2公里至4.9公里,保七總隊,保七第二大隊
臺南市,楠西區,臺南市 楠西區 曾文水庫道路1.2公里至2.9公里,保七總隊,保七第二大隊
臺南市,楠西區,臺南市 楠西區 曾文水庫道路5.4公里,保七總隊,保七第二大隊
臺南市,楠西區,臺南市 楠西區 曾文水庫道路6公里,保七總隊,保七第二大隊
臺南市,南化區,臺3線388K處,臺南市政府警察局,玉井分局
臺南市,南化區,臺3線383.5公里,臺南市政府警察局,玉井分局
臺南市,南化區,臺3線378.4公里,臺南市政府警察局,玉井分局
臺南市,左鎮區,臺20線22.3公里,臺南市政府警察局,新化分局
臺南市,左鎮區,臺20乙線0.7公里處(近睦光橋),臺南市政府警察局,新化分局
臺南市,仁德區,快速道路86線西向3.9K處,臺南市政府警察局,歸仁分局
臺南市,仁德區,機場路1050號前,臺南市政府警察局,歸仁分局
臺南市,仁德區,臺1線342.7公里臺86線匝道路口,臺南市政府警察局,歸仁分局
臺南市,仁德區,二仁路台1線341.85K,臺南市政府警察局,歸仁分局
臺南市,仁德區,臺1線344.15公里與二行一路路口,臺南市政府警察局,歸仁分局
臺南市,仁德區,文德路與中山路口,臺南市政府警察局,歸仁分局
臺南市,仁德區,中山路與文德路口,臺南市政府警察局,歸仁分局
臺南市,歸仁區,臺39線10公里,臺南市政府警察局,歸仁分局
臺南市,歸仁區,高鐵臺南站U型車道,臺南市政府警察局,歸仁分局
臺南市,歸仁區,臺39線2.6公里處,臺南市政府警察局,歸仁分局
臺南市,歸仁區,182線12.1公里忠孝南北路口,臺南市政府警察局,歸仁分局
臺南市,關廟區,臺19甲線41公里,臺南市政府警察局,歸仁分局
臺南市,關廟區,臺86線17.85公里,臺南市政府警察局,歸仁分局
臺南市,龍崎區,市道182線中正路與南屏路口,臺南市政府警察局,歸仁分局
臺南市,龍崎區,市道182線26至28公里區間測速,臺南市政府警察局,歸仁分局
臺南市,龍崎區,182市道28.5公里,臺南市政府警察局,歸仁分局
臺南市,龍崎區,市道182線28.23K處,臺南市政府警察局,歸仁分局
臺南市,龍崎區,市道182線27.68K處,臺南市政府警察局,歸仁分局
臺南市,永康區,中華路與中央路口,臺南市政府警察局,永康分局
臺南市,永康區,中華路與中正南路口,臺南市政府警察局,永康分局
臺南市,永康區,中華路與大橋三街口,臺南市政府警察局,永康分局
臺南市,永康區,中華路與中華西街口,臺南市政府警察局,永康分局
臺南市,臺南市永康區,中華路與中山南路口,臺南市政府警察局,永康分局
臺南市,永康區,中華路與中華二路口,臺南市政府警察局,永康分局
臺南市,永康區,中華路與中華一路口(近兵仔市場),臺南市政府警察局,永康分局
臺南市,永康區,近復興路與高速二街口,臺南市政府警察局,永康分局
臺南市,永康區,復興路與復興路26巷口,臺南市政府警察局,永康分局
臺南市,永康區,近高速一街二段與永二街245巷26弄路口,臺南市政府警察局,永康分局
臺南市,永康區,永大路與中山北路路口,臺南市政府警察局,永康分局
臺南市,東區,林森路-大同路口,臺南市政府警察局,第一分局
臺南市,東區,榮譽街與榮譽街25巷口(近大同國小前),臺南市政府警察局,第一分局
臺南市,東區,小東路與成功大學成功校區校門路口,臺南市政府警察局,第一分局
臺南市,東區,東門路與林森路口,臺南市政府警察局,第一分局
臺南市,東區,中華東路三段與崇明路口,臺南市政府警察局,第一分局
臺南市,東區,林森路後甲國中前-近東和路口,臺南市政府警察局,第一分局
臺南市,東區,東寧路與林森路口,臺南市政府警察局,第一分局
臺南市,東區,中華東路與東門路口,臺南市政府警察局,第一分局
臺南市,東區,中華東路-凱旋路口,臺南市政府警察局,第一分局
臺南市,臺南市東區,中華東路與平實路口,臺南市政府警察局,第一分局
臺南市,東區,中華東路-平實五街路口,臺南市政府警察局,第一分局
臺南市,東區,中華東路二段41巷與富農街二段路口,臺南市政府警察局,第一分局
臺南市,東區,崇善路-德東街口,臺南市政府警察局,第一分局
臺南市,南區,安平港路聯外道路-鯤鯓路127之5號前,臺南市政府警察局,第六分局
臺南市,南區,安平港聯外道路台電高分鯤鯓54右38號電桿,臺南市政府警察局,第六分局
臺南市,南區,濱南路與喜樹路340巷口,臺南市政府警察局,第六分局
臺南市,南區,臺17線濱南路海口宮前,臺南市政府警察局,第六分局
臺南市,南區,新平路24號前,臺南市政府警察局,第六分局
臺南市,南區,濱南路-鯤鯓路口,臺南市政府警察局,第六分局
臺南市,南區,中華西路-新和路口,臺南市政府警察局,第六分局
臺南市,南區,中華西路1段75號,臺南市政府警察局,第六分局
臺南市,南區,明興路-明興路1312巷,臺南市政府警察局,第六分局
臺南市,南區,中華南路-南和路口,臺南市政府警察局,第六分局
臺南市,南區,金華路-永華路口,臺南市政府警察局,第六分局
臺南市,南區,中華南路-德興路口,臺南市政府警察局,第六分局
臺南市,南區,永成路2段369號往南70公尺處,臺南市政府警察局,第六分局
臺南市,南區,中華南路-近西門路口,臺南市政府警察局,第六分局
臺南市,南區,中華南路-國民路口,臺南市政府警察局,第六分局
臺南市,北區,中華北路與觀海橋路口,臺南市政府警察局,第五分局
臺南市,北區,中華北路與文賢路口,臺南市政府警察局,第五分局
臺南市,北區,中華北路二段80巷口,臺南市政府警察局,第五分局
臺南市,北區,海安路與公園南路口,臺南市政府警察局,第五分局
臺南市,北區,海安路-文成路口,臺南市政府警察局,第五分局
臺南市,北區,和緯路與海安路口,臺南市政府警察局,第五分局
臺南市,北區,中華北路二段與北安路口,臺南市政府警察局,第五分局
臺南市,北區,公園路與公園南路口,臺南市政府警察局,第五分局
臺南市,北區,北區臺南轉運站前公園路周邊路段,臺南市政府警察局,第五分局
臺南市,北區,公園路-長榮路口,臺南市政府警察局,第五分局
臺南市,北區,北門路與小東路口,臺南市政府警察局,第五分局
臺南市,北區,公園路1092巷與公園路1074巷17弄路口,臺南市政府警察局,第五分局
臺南市,北區,開元路與長榮路口,臺南市政府警察局,第五分局
臺南市,北區,東豐路-長榮路口,臺南市政府警察局,第五分局
臺南市,北區,開元路與林森路口,臺南市政府警察局,第五分局
臺南市,北區,東豐路與林森路口,臺南市政府警察局,第五分局
臺南市,安南區,四草大道與大眾街口,臺南市政府警察局,第三分局
臺南市,安南區,安明路-安中路口,臺南市政府警察局,第三分局
臺南市,安南區,安明路4段1100號前,臺南市政府警察局,第三分局
臺南市,安南區,安明路近北汕尾路口,臺南市政府警察局,第三分局
臺南市,安南區,公學路六段418號前,臺南市政府警察局,第三分局
臺南市,安南區,臺江大道三段近安中路320巷口,臺南市政府警察局,第三分局
臺南市,安南區,安明路-近大港觀海橋,臺南市政府警察局,第三分局
臺南市,安南區,安吉路-安中路口,臺南市政府警察局,第三分局
臺南市,安南區,安吉路一段近本原街口,臺南市政府警察局,第三分局
臺南市,安南區,安吉路3段近安順庄大道,臺南市政府警察局,第三分局
臺南市,安南區,北安路3段396巷前,臺南市政府警察局,第三分局
臺南市,安南區,北安路4段548巷近長和街口,臺南市政府警察局,第三分局
臺南市,安南區,臺江大道一段與開安路口,臺南市政府警察局,第三分局
臺南市,安南區,長和路一段與館前一路口,臺南市政府警察局,第三分局
臺南市,安平區,近安北路與洲安一街路口,臺南市政府警察局,第四分局
臺南市,安平區,安平路與華平路口,臺南市政府警察局,第四分局
臺南市,安平區,健康路與文平路口,臺南市政府警察局,第四分局
臺南市,安平區,中華西路與永華路口,臺南市政府警察局,第四分局
臺南市,中西區,中華西路一段與民權路口,臺南市政府警察局,第二分局
臺南市,臺南市中西區,中華西路與府前路口,臺南市政府警察局,第二分局
臺南市,中西區,西門路與健康路口,臺南市政府警察局,第二分局
臺南市,中西區,西門路與民族路口,臺南市政府警察局,第二分局
臺南市,中西區,南門路與健康路口,臺南市政府警察局,第二分局
臺南市,中西區,中成路與慈音街路口,臺南市政府警察局,第二分局
臺南市,臺南市中西區,中山路與西華南街口,臺南市政府警察局,第二分局
臺南市,中西區,成功路近火車站圓環,臺南市政府警察局,第二分局
桃園市,,台61線高架41.5K至46.8K,桃園市政府警察局,桃市警局交通大隊
桃園市,,台61線高架41.6K至46.9K,桃園市政府警察局,桃市警局交通大隊
桃園市,,台66線西向東3K至6.9K,桃園市政府警察局,桃市警局交通大隊
桃園市,,台66線東向西14.8K至11.5K,桃園市政府警察局,桃市警局交通大隊
桃園市,,大溪區台七乙線12.1K至8.2K處,桃園市政府警察局,桃市警局交通大隊
桃園市,,大溪區台七乙線12.1K至8.2K處,桃園市政府警察局,桃市警局交通大隊
桃園市,,龜山區萬壽路一段(東萬壽路309巷-萬壽路1275巷),桃園市政府警察局,桃市警局交通大隊
桃園市,,龜山區萬壽路一段(萬壽路1275巷-東萬壽路309巷),桃園市政府警察局,桃市警局交通大隊
桃園市,,龜山區青山路二段(青山路2段文青路-青山路1段200號),桃園市政府警察局,桃市警局交通大隊
桃園市,,龜山區青山路二段(青山路1段200號-青山路2段文青路,桃園市政府警察局,桃市警局交通大隊
桃園市,桃園市桃園區,文中路645號前,桃園市政府警察局,桃市警局交通大隊
桃園市,桃園區,文中路與龍安路口,桃園市政府警察局,
桃園市,桃園區,中山路941號前,桃園市政府警察局,
桃園市,桃園市桃園區,富國路379號對面,桃園市政府警察局,桃市警局交通大隊
桃園市,桃園區,國際路二段與大興西路三段路口,桃園市政府警察局,
桃園市,桃園市桃園區,莊敬路二段路燈桿(0716800)旁,桃園市政府警察局,桃市警局交通大隊
桃園市,桃園市桃園區,大興西路三段與正光路口,桃園市政府警察局,桃市警局交通大隊
桃園市,桃園市桃園區,大興西路三段與正光路口,桃園市政府警察局,桃市警局交通大隊
桃園市,桃園區,文中路(中興國中前),桃園市政府警察局,桃市警局交通大隊
桃園市,桃園市桃園區,溫州街69號對面,桃園市政府警察局,桃市警局交通大隊
桃園市,桃園區,縣府路與中山路口,桃園市政府警察局,
桃園市,桃園區,三民路三段與永安路口,桃園市政府警察局,
桃園市,桃園區,介壽路與三民路三段路口,桃園市政府警察局,
桃園市,桃園區,三民路二段與民生路口,桃園市政府警察局,
桃園市,桃園區,復興路186號前,桃園市政府警察局,
桃園市,桃園區,春日路與民光東路口,桃園市政府警察局,
桃園市,桃園市桃園區,春日路561號前,桃園市政府警察局,桃市警局交通大隊
桃園市,桃園區,復興路129號前,桃園市政府警察局,
桃園市,桃園區,三民路二段與春日路口,桃園市政府警察局,
桃園市,桃園區,復興路與民生路口,桃園市政府警察局,
桃園市,桃園市桃園區,成功路三段235號前,桃園市政府警察局,桃市警局交通大隊
桃園市,桃園市中壢區,民族路六段360號前,桃園市政府警察局,桃市警局交通大隊
桃園市,中壢區,中正路四段353號前,桃園市政府警察局,中壢分局
桃園市,中壢區,台31線12.3K(往南),桃園市政府警察局,中壢分局
桃園市,中壢區,台31線12.5K(往北),桃園市政府警察局,中壢分局
桃園市,桃園市中壢區,中正路二段239巷口,桃園市政府警察局,桃市警局交通大隊
桃園市,中壢區,民權路五段65號前,桃園市政府警察局,中壢分局
桃園市,桃園市中壢區,領航南路二段與新生路口,桃園市政府警察局,桃市警局交通大隊
桃園市,桃園市中壢區,高鐵北路與青心路口,桃園市政府警察局,桃市警局交通大隊
桃園市,中壢區,環西路二段185之2號前,桃園市政府警察局,
桃園市,中壢區,高鐵北路與青埔路口,桃園市政府警察局,
桃園市,桃園市中壢區,中豐北路與大圳路一段口,桃園市政府警察局,桃市警局交通大隊
桃園市,桃園市中壢區,中豐北路與大圳路一段口,桃園市政府警察局,桃市警局交通大隊
桃園市,中壢區,新生路三段192號前,桃園市政府警察局,中壢分局
桃園市,桃園市中壢區,新生路二段421號前,桃園市政府警察局,桃市警局交通大隊
桃園市,中壢區,延平路368號對面,桃園市政府警察局,
桃園市,中壢區,中園路421號前,桃園市政府警察局,中壢分局
桃園市,中壢區,中園路二段346號前,桃園市政府警察局,中壢分局
桃園市,中壢區,中北路二段468號前,桃園市政府警察局,
桃園市,桃園市中壢區,中華路普忠路口,桃園市政府警察局,桃市警局交通大隊
桃園市,中壢區,中興路一段206號前,桃園市政府警察局,
桃園市,中壢區,中華路與自強一路口,桃園市政府警察局,桃市警局交通大隊
桃園市,中壢區,環中東路606之16號前,桃園市政府警察局,
桃園市,中壢區,普忠路770巷路口前,桃園市政府警察局,中壢分局
桃園市,桃園市中壢區,普忠路581巷前,桃園市政府警察局,桃市警局交通大隊
桃園市,中壢區,中華路一段169號前,桃園市政府警察局,
桃園市,桃園市中壢區,晉元路180號對面,桃園市政府警察局,桃市警局交通大隊
桃園市,大溪區,仁和路二段517巷口,桃園市政府警察局,桃市警局交通大隊
桃園市,桃園市大溪區,永昌路台66線路口,桃園市政府警察局,桃市警局交通大隊
桃園市,桃園市大溪區,石園路327號前,桃園市政府警察局,桃市警局交通大隊
桃園市,大溪區,康莊路五段6號前,桃園市政府警察局,桃市警局交通大隊
桃園市,桃園市大溪區,康莊路三段632號對面（台4線34K+200處）,桃園市政府警察局,桃市警局交通大隊
桃園市,桃園市大溪區,大溪區瑞安路一段(台4線29K+650)崁津橋前),桃園市政府警察局,桃市警局交通大隊
桃園市,大溪區,台3線、台4線與大鶯路口,桃園市政府警察局,
桃園市,大溪區,埔頂路二段72號前,桃園市政府警察局,桃市警局交通大隊
桃園市,桃園市大溪區,崎頂下坡路段,桃園市政府警察局,桃市警局交通大隊
桃園市,桃園市大溪區,員林路一段142巷口,桃園市政府警察局,桃市警局交通大隊
桃園市,桃園市大溪區,介壽路與仁善街路口,桃園市政府警察局,桃市警局交通大隊
桃園市,桃園市大溪區,大溪區月眉路1號前約120公尺處,桃園市政府警察局,桃市警局交通大隊
桃園市,桃園市大溪區,復興路二段20號前,桃園市政府警察局,桃市警局交通大隊
桃園市,桃園市大溪區,大鶯路769巷口,桃園市政府警察局,桃市警局交通大隊
桃園市,桃園市大溪區,大溪區信義路永福派出所前,桃園市政府警察局,桃市警局交通大隊
桃園市,桃園市大溪區,大溪區信義路永福派出所前,桃園市政府警察局,桃市警局交通大隊
桃園市,大溪區,台三線31.8k至30.5k,桃園市政府警察局,桃市警局交通大隊
桃園市,大溪區,台三線30.5k至31.8k,桃園市政府警察局,桃市警局交通大隊
桃園市,大溪區,台7乙線12.1k至8.2k,桃園市政府警察局,桃市警局交通大隊
桃園市,桃園市大溪區,台七乙線9.1K處,桃園市政府警察局,桃市警局交通大隊
桃園市,桃園市大溪區,台七乙線9.1K處,桃園市政府警察局,桃市警局交通大隊
桃園市,大溪區,台七乙線8.8K處,桃園市政府警察局,桃市警局交通大隊
桃園市,大溪區,台七乙線8.3K處,桃園市政府警察局,
桃園市,大溪區,台7乙線8.2k至12.1k,桃園市政府警察局,桃市警局交通大隊
桃園市,桃園市楊梅區,台61線南下平面50.8K處,桃園市政府警察局,桃市警局交通大隊
桃園市,楊梅區,台31線22公里處,桃園市政府警察局,
桃園市,楊梅區,中山南路台1線50.5k處,桃園市政府警察局,桃市警局交通大隊
桃園市,桃園市楊梅區,中山路與大成路,桃園市政府警察局,桃市警局交通大隊
桃園市,楊梅區,中山北路二段與裕成路口,桃園市政府警察局,桃市警局交通大隊
桃園市,楊梅區,中山北路二段與梅獅路一段口,桃園市政府警察局,
桃園市,桃園市楊梅區,梅獅路與文化街岔路口,桃園市政府警察局,桃市警局交通大隊
桃園市,蘆竹區,南青路與大華北街口(台31線往南崁方向),桃園市政府警察局,
桃園市,桃園市蘆竹區,大竹北路386號旁,桃園市政府警察局,桃市警局交通大隊
桃園市,蘆竹區,南青路607號(台31線3K+150),桃園市政府警察局,桃市警局交通大隊
桃園市,桃園市蘆竹區,濱海路一段101號前,桃園市政府警察局,桃市警局交通大隊
桃園市,蘆竹區,文中路一段265巷口前,桃園市政府警察局,桃市警局交通大隊
桃園市,蘆竹區,濱海路一段與海湖北路,桃園市政府警察局,
桃園市,桃園市蘆竹區,富國路一段130號前,桃園市政府警察局,桃市警局交通大隊
桃園市,蘆竹區,富國路二段360號前,桃園市政府警察局,桃市警局交通大隊
桃園市,蘆竹區,大竹路109號,桃園市政府警察局,桃市警局交通大隊
桃園市,蘆竹區,蘆興南路408號旁,桃園市政府警察局,
桃園市,蘆竹區,中正路369號前,桃園市政府警察局,
桃園市,蘆竹區,中正路8號前,桃園市政府警察局,桃市警局交通大隊
桃園市,蘆竹區,山林路二段655號前,桃園市政府警察局,桃市警局交通大隊
桃園市,蘆竹區,仁愛路三段高鐵前,桃園市政府警察局,桃市警局交通大隊
桃園市,桃園市蘆竹區,八德一路與八德二路口,桃園市政府警察局,桃市警局交通大隊
桃園市,桃園市大園區,台61線29.5K(高架),桃園市政府警察局,桃市警局交通大隊
桃園市,桃園市大園區,大園區臺61線29.3K,桃園市政府警察局,桃市警局交通大隊
桃園市,大園區,西濱路二段與民生路口,桃園市政府警察局,
桃園市,桃園市大園區,和平西路一段447號前,桃園市政府警察局,桃市警局交通大隊
桃園市,桃園市大園區,中正東路與橫湳路口,桃園市政府警察局,桃市警局交通大隊
桃園市,大園區,西濱路與中央北路,桃園市政府警察局,
桃園市,桃園市大園區,高鐵北路二段與領航北路四段路口前,桃園市政府警察局,桃市警局交通大隊
桃園市,大園區,中正東路一段373號對面,桃園市政府警察局,桃市警局交通大隊
桃園市,大園區,中正東路一段373號前(往大園),桃園市政府警察局,桃市警局交通大隊
桃園市,大園區,中正東路三段與青昇路,桃園市政府警察局,桃市警局交通大隊
桃園市,桃園市大園區,大牛稠7號（桃5線4.8K）,桃園市政府警察局,桃市警局交通大隊
桃園市,大園區,台31線近6K(公里)處,桃園市政府警察局,
桃園市,大園區,中正東路二段586號前,桃園市政府警察局,
桃園市,桃園市大園區,國際路二段與中央路路口,桃園市政府警察局,桃市警局交通大隊
桃園市,大園區,三民路一段(復興空廚前),桃園市政府警察局,
桃園市,桃園市大園區,三民路2段825號,桃園市政府警察局,桃市警局交通大隊
桃園市,桃園市龜山區,萬壽路二段與忠孝街口前,桃園市政府警察局,桃市警局交通大隊
桃園市,桃園市龜山區,萬壽路二段1262號前,桃園市政府警察局,桃市警局交通大隊
桃園市,桃園市龜山區,忠義路一段20.5K處,桃園市政府警察局,桃市警局交通大隊
桃園市,桃園市龜山區,忠義路一段20.5K處,桃園市政府警察局,桃市警局交通大隊
桃園市,龜山區,萬壽路二段472號前,桃園市政府警察局,龜山分局
桃園市,龜山區,忠義路一段1196-15號前,桃園市政府警察局,龜山分局
桃園市,桃園市龜山區,忠義路一段18K+660前,桃園市政府警察局,桃市警局交通大隊
桃園市,桃園市龜山區,振興路829巷口旁,桃園市政府警察局,桃市警局交通大隊
桃園市,龜山區,復興一路218號前,桃園市政府警察局,
桃園市,桃園市龜山區,文化二路與文昌一街口,桃園市政府警察局,桃市警局交通大隊
桃園市,龜山區,萬壽路一段(東萬壽路309巷-萬壽路一段1275巷),桃園市政府警察局,桃市警局交通大隊
桃園市,龜山區,振興路1051之1號前,桃園市政府警察局,
桃園市,龜山區,復興三路500號對面,桃園市政府警察局,龜山分局
桃園市,桃園市龜山區,文化一路與復興二路口,桃園市政府警察局,桃市警局交通大隊
桃園市,龜山區,振興路1169號前,桃園市政府警察局,龜山分局
桃園市,龜山區,東萬壽路622號前,桃園市政府警察局,龜山分局
桃園市,龜山區,萬壽路一段(東萬壽路309巷-萬壽路一段1275巷),桃園市政府警察局,桃市警局交通大隊
桃園市,龜山區,東萬壽路與龍校街121巷6弄口,桃園市政府警察局,龜山分局
桃園市,龜山區,華亞三路近文化二路口,桃園市政府警察局,龜山分局
桃園市,龜山區,華亞三路近華亞二路前,桃園市政府警察局,龜山分局
桃園市,龜山區,龜山區萬壽路一段17K+960,桃園市政府警察局,龜山分局
桃園市,龜山區,龜山區文化一路與文青路口,桃園市政府警察局,
桃園市,龜山區,青山路二段(青山路一段200號-青山路二段文青路),桃園市政府警察局,桃市警局交通大隊
桃園市,桃園市龜山區,樂善村青山路2K,桃園市政府警察局,桃市警局交通大隊
桃園市,龜山區,青山路二段(青山路一段200號-青山路二段文青路),桃園市政府警察局,桃市警局交通大隊
桃園市,龜山區,萬壽路一段161號,桃園市政府警察局,
桃園市,桃園市八德區,新生路段近龍宮街36巷9弄口,桃園市政府警察局,桃市警局交通大隊
桃園市,八德區,八德區長興路與崁頂路口,桃園市政府警察局,
桃園市,桃園市八德區,中華路龍壽街口署立桃園醫院前,桃園市政府警察局,桃市警局交通大隊
桃園市,八德區,中華路544號旁,桃園市政府警察局,
桃園市,八德區,八德區中華路與茄苳路口,桃園市政府警察局,
桃園市,八德區,八德區建德路與長興路口,桃園市政府警察局,
桃園市,八德區,建德路92號前,桃園市政府警察局,
桃園市,八德區,八德區新興路與廣興路口,桃園市政府警察局,
桃園市,八德區,介壽路二段1216號對面,桃園市政府警察局,
桃園市,八德區,介壽路二段陸軍218營站前,桃園市政府警察局,桃市警局交通大隊
桃園市,桃園市八德區,興豐路1176號前,桃園市政府警察局,桃市警局交通大隊
桃園市,桃園市八德區,興豐路1176號前,桃園市政府警察局,桃市警局交通大隊
桃園市,八德區,和強路127號前,桃園市政府警察局,桃市警局交通大隊
桃園市,八德區,和強路58號前,桃園市政府警察局,桃市警局交通大隊
桃園市,桃園市龍潭區,桃園市平鎮區梅獅路二段,保二總隊,保二三大隊
桃園市,龍潭區,福源路256號對面,桃園市政府警察局,龍潭分局
桃園市,龍潭區,台三線50.5k至51.7k,桃園市政府警察局,桃市警局交通大隊
桃園市,桃園市龍潭區,聖亭路236號春源鋼鐵旁,桃園市政府警察局,桃市警局交通大隊
桃園市,桃園市龍潭區,台三線50.8K處,桃園市政府警察局,桃市警局交通大隊
桃園市,龍潭區,台三線51.7k至50.5k,桃園市政府警察局,桃市警局交通大隊
桃園市,龍潭區,大昌路二段145-1號前,桃園市政府警察局,
桃園市,龍潭區,中正路三林段330號,桃園市政府警察局,桃市警局交通大隊
桃園市,龍潭區,龍源路大平段290號,桃園市政府警察局,桃市警局交通大隊
桃園市,龍潭區,中正路三坑下坡路段,桃園市政府警察局,桃市警局交通大隊
桃園市,桃園市龍潭區,上坪1-2號前,桃園市政府警察局,桃市警局交通大隊
桃園市,桃園市龍潭區,中興路九龍段104號前,桃園市政府警察局,桃市警局交通大隊
桃園市,平鎮區,台66線14.8k至11.5k,桃園市政府警察局,桃市警局交通大隊
桃園市,平鎮區,民族路雙連一段168號前,桃園市政府警察局,平鎮分局
桃園市,桃園市平鎮區,中興路平鎮段305號前,桃園市政府警察局,桃市警局交通大隊
桃園市,桃園市平鎮區,中興路與南豐路口,桃園市政府警察局,桃市警局交通大隊
桃園市,平鎮區,延平路三段260巷口前,桃園市政府警察局,平鎮分局
桃園市,平鎮區,陸橋南路與平德路口前,桃園市政府警察局,平鎮分局
桃園市,平鎮區,中豐路南勢二段與三興路口,桃園市政府警察局,
桃園市,平鎮區,中豐路山頂段531號前,桃園市政府警察局,平鎮分局
桃園市,平鎮區,平鎮區中豐路一段255號前,桃園市政府警察局,桃市警局交通大隊
桃園市,平鎮區,中豐路一段與快速路三段口,桃園市政府警察局,
桃園市,桃園市平鎮區,中豐路一段166號前,桃園市政府警察局,桃市警局交通大隊
桃園市,桃園市平鎮區,平鎮區中豐路與延平路口,桃園市政府警察局,桃市警局交通大隊
桃園市,平鎮區,中豐路與延平路一段口,桃園市政府警察局,
桃園市,桃園市平鎮區,中豐路與三興路岔路口,桃園市政府警察局,桃市警局交通大隊
桃園市,桃園市平鎮區,金陵路與環南路口,桃園市政府警察局,桃市警局交通大隊
桃園市,平鎮區,福龍路一段550巷,桃園市政府警察局,平鎮分局
桃園市,平鎮區,金陵路與快速路口,桃園市政府警察局,
桃園市,桃園市平鎮區,平鎮區金陵路四段409號前約80公尺處,桃園市政府警察局,桃市警局交通大隊
桃園市,桃園市平鎮區,快速路一段(台66線快速道路24k+160下方),桃園市政府警察局,桃市警局交通大隊
桃園市,桃園市平鎮區,營德路與華隆街路口前約150公尺處,桃園市政府警察局,桃市警局交通大隊
桃園市,桃園市新屋區,台15線59K處,桃園市政府警察局,桃市警局交通大隊
桃園市,新屋區,文化路二段與深圳路口,桃園市政府警察局,
桃園市,新屋區,西濱路永安段與中山西路三段路口,桃園市政府警察局,
桃園市,新屋區,台61線41.5k至46.8k,桃園市政府警察局,桃市警局交通大隊
桃園市,新屋區,台61線南下平面50.8K處,桃園市政府警察局,桃市警局交通大隊
桃園市,桃園市新屋區,中山西路三段62號前,桃園市政府警察局,桃市警局交通大隊
桃園市,新屋區,台61線41.6k至46.9k,桃園市政府警察局,桃市警局交通大隊
桃園市,新屋區,台66線與新文路口,桃園市政府警察局,
桃園市,新屋區,中山東路一段458號前,桃園市政府警察局,桃市警局交通大隊
桃園市,新屋區,高鐵南路六段670號對面,桃園市政府警察局,
桃園市,桃園市觀音區,濱海路保生段277號前,桃園市政府警察局,桃市警局交通大隊
桃園市,觀音區,台61線41.6K至46.9K(高架),桃園市政府警察局,
桃園市,桃園市觀音區,台66線（1.080K）與臺15線岔路口,桃園市政府警察局,桃市警局交通大隊
桃園市,觀音區,台61線41.5K至46.8K(高架),桃園市政府警察局,桃市警局交通大隊
桃園市,觀音區,台66線3k至6.9k,桃園市政府警察局,
桃園市,桃園市觀音區,濱海路廣興段845號前,桃園市政府警察局,桃市警局交通大隊
桃園市,觀音區,濱海路(台15線)近坑尾一路口,桃園市政府警察局,
桃園市,桃園市觀音區,成功路與忠孝路口,桃園市政府警察局,桃市警局交通大隊
桃園市,復興區,桃118縣道52.4K處,桃園市政府警察局,
桃園市,復興區,台七線17.9K處,桃園市政府警察局,
桃園市,桃園市復興區,台七線羅浮82號前,桃園市政府警察局,桃市警局交通大隊
國道一號,,國道一號南向306.1公里,國道公路警察局,國道公路警四隊
國道一號,,國道一號北向309.1公里,國道公路警察局,國道公路警四隊
國道一號,,國道一號南向301.6公里,國道公路警察局,國道公路警四隊
國道一號,,國道一號北向301.5公里,國道公路警察局,國道公路警四隊
國道一號,,國道一號南向321.8公里,國道公路警察局,國道公路警四隊
國道一號,,國道一號北向323.4公里,國道公路警察局,國道公路警四隊
國道一號,,國道一號南向315.5公里,國道公路警察局,國道公路警四隊
國道一號,,國道一號北向334公里,國道公路警察局,國道公路警四隊
國道一號,,國道一號南向293.1公里,國道公路警察局,國道公路警四隊
國道一號,,國道一號北向336.7公里,國道公路警察局,國道公路警四隊
國道一號,,國道一號北向292.5公里,國道公路警察局,國道公路警四隊
國道一號,,國道一號南向340.2公里,國道公路警察局,國道公路警五隊
國道一號,,國道一號南向285.3公里,國道公路警察局,國道公路警四隊
國道一號,,國道一號南向373.5公里,國道公路警察局,國道公路警五隊
國道一號,,國道一號南向362.5公里,國道公路警察局,國道公路警五隊
國道一號,,國道一號北向373.4公里,國道公路警察局,國道公路警五隊
國道一號,,國道一號北向353.3公里,國道公路警察局,國道公路警五隊
國道一號,,國道一號南向353.4公里,國道公路警察局,國道公路警五隊
國道一號,,國道一號南向276.2公里,國道公路警察局,國道公路警四隊
國道一號,,國道一號北向277.3公里,國道公路警察局,國道公路警四隊
國道一號,,國道一號北向172.8公里,國道公路警察局,國道公路警三隊
國道一號,,國道一號北向261.7公里,國道公路警察局,國道公路警四隊
國道一號,,國道一號南向260.5公里,國道公路警察局,國道公路警四隊
國道一號,,國道一號北向254.1公里,國道公路警察局,國道公路警四隊
國道一號,,國道一號南向252.2公里,國道公路警察局,國道公路警四隊
國道一號,,國道一號南向247.2公里,國道公路警察局,國道公路警四隊
國道一號,,國道一號北向233.4公里,國道公路警察局,國道公路警四隊
國道一號,,國道一號南向238.6公里,國道公路警察局,國道公路警四隊
國道一號,,國道一號南向223.4公里,國道公路警察局,國道公路警三隊
國道一號,,國道一號北向224.9公里,國道公路警察局,國道公路警三隊
國道一號,,國道一號南向200.1公里,國道公路警察局,國道公路警三隊
國道一號,,國道一號南向187.5公里,國道公路警察局,國道公路警三隊
國道一號,,國道一號南向172.4公里,國道公路警察局,國道公路警三隊
國道一號,,國道一號南向165.3公里,國道公路警察局,國道公路警三隊
國道一號,,國道一號北向157.4公里,國道公路警察局,國道公路警三隊
國道一號,,國道一號南向152.9公里,國道公路警察局,國道公路警三隊
國道一號,,國道一號北向141.7公里,國道公路警察局,國道公路警二隊
國道一號,,國道一號北向127.5公里,國道公路警察局,國道公路警二隊
國道一號,,國道一號南向126.5公里,國道公路警察局,國道公路警二隊
國道一號,,國道一號南向124公里,國道公路警察局,國道公路警二隊
國道一號,,國道一號北向105.5公里,國道公路警察局,國道公路警二隊
國道一號,,國道一號南向102.5公里,國道公路警察局,國道公路警二隊
國道一號,,國道一號北向82.1公里,國道公路警察局,國道公路警二隊
國道一號,,國道一號南向81.8公里,國道公路警察局,國道公路警二隊
國道一號,,國道一號北向82.1公里,國道公路警察局,國道公路警二隊
國道一號,,國道一號南向78.2公里,國道公路警察局,國道公路警二隊
國道一號,,國道一號五楊高架北向64.3公里,國道公路警察局,國道公路警一隊
國道一號,,國道一號北向63.7公里,國道公路警察局,國道公路警一隊
國道一號,,國道一號南向60.1公里,國道公路警察局,國道公路警一隊
國道一號,,國道一號五楊高架南向44.6公里,國道公路警察局,國道公路警一隊
國道一號,,國道一號五楊高架北向38.8公里,國道公路警察局,國道公路警一隊
國道一號,,國道一號北向37公里,國道公路警察局,國道公路警一隊
國道一號,,國道一號北向34.4公里,國道公路警察局,國道公路警一隊
國道一號,,國道一號南向34.4公里,國道公路警察局,國道公路警一隊
國道一號,,國道一號南向30公里,國道公路警察局,國道公路警一隊
國道一號,,國道一號汐五高架南向29.5公里,國道公路警察局,國道公路警一隊
國道一號,,國道一號南向279公里,國道公路警察局,國道公路警四隊
國道一號,,國道一號南向22.7公里,國道公路警察局,國道公路警一隊
國道一號,,國道一號汐五高架南向16.1公里,國道公路警察局,國道公路警一隊
國道一號,,國道一號汐五高架北向16公里,國道公路警察局,國道公路警一隊
國道一號,,國道一號北向14.5公里,國道公路警察局,國道公路警一隊
國道一號,,國道一號南向13.7公里,國道公路警察局,國道公路警一隊
國道一號,,國道一號北向7.5公里,國道公路警察局,國道公路警一隊
國道一號,,國道一號南向2公里,國道公路警察局,國道公路警一隊
國道一號,,國道一號北向1.9公里,國道公路警察局,國道公路警一隊
國道二號,,國道二號西向2公里,國道公路警察局,國道公路警一隊
國道二號,,國道二號東向2.4公里,國道公路警察局,國道公路警一隊
國道二號,,國道二號西向6.4公里,國道公路警察局,國道公路警一隊
國道二號,,國道二號東向11.8公里,國道公路警察局,國道公路警六隊
國道二號,,國道二號東向18.5里,國道公路警察局,國道公路警六隊
國道三號,,國道三號南向342.1公里,國道公路警察局,國道公路警八隊
國道三號,,國道三號北向344.7公里,國道公路警察局,國道公路警八隊
國道三號,,國道三號南向358.6公里,國道公路警察局,國道公路警八隊
國道三號,,國道三號北向331公里,國道公路警察局,國道公路警八隊
國道三號,,國道三號南向372.3公里,國道公路警察局,國道公路警五隊
國道三號,,國道三號北向374.3公里,國道公路警察局,國道公路警五隊
國道三號,,國道三號北向318.7公里,國道公路警察局,國道公路警八隊
國道三號,,國道三號南向378.85公里,國道公路警察局,國道公路警五隊
國道三號,,國道三號南向313.7公里,國道公路警察局,國道公路警八隊
國道三號,,國道三號南向386公里,國道公路警察局,國道公路警五隊
國道三號,,國道三號北向389.3公里,國道公路警察局,國道公路警五隊
國道三號,,國道三號南向282.7公里,國道公路警察局,國道公路警八隊
國道三號,,國道三號南向423.1公里,國道公路警察局,國道公路警五隊
國道三號,,國道三號北向423.2公里,國道公路警察局,國道公路警五隊
國道三號,,國道三號北向186.1公里,國道公路警察局,國道公路警七隊
國道三號,,國道三號南向184.1公里,國道公路警察局,國道公路警七隊
國道三號,,國道三號南向178.6公里,國道公路警察局,國道公路警七隊
國道三號,,國道三號北向177.8公里,國道公路警察局,國道公路警七隊
國道三號,,國道三號北向265.1公里,國道公路警察局,國道公路警八隊
國道三號,,國道三號北向171公里,國道公路警察局,國道公路警七隊
國道三號,,國道三號南向166公里,國道公路警察局,國道公路警七隊
國道三號,,國道三號南向253.2公里,國道公路警察局,國道公路警八隊
國道三號,,國道三號北向206.6公里,國道公路警察局,國道公路警七隊
國道三號,,國道三號北向218公里,國道公路警察局,國道公路警七隊
國道三號,,國道三號南向162.1公里,國道公路警察局,國道公路警七隊
國道三號,,國道三號北向162.1公里,國道公路警察局,國道公路警七隊
國道三號,,國道三號南向150.2公里,國道公路警察局,國道公路警二隊
國道三號,,國道三號北向247.1公里,國道公路警察局,國道公路警八隊
國道三號,,國道三號北向235.2公里,國道公路警察局,國道公路警七隊
國道三號,,國道三號南向142.9公里,國道公路警察局,國道公路警二隊
國道三號,,國道三號北向131.2公里,國道公路警察局,國道公路警二隊
國道三號,,國道三號北向122.5公里匝道,國道公路警察局,國道公路警二隊
國道三號,,國道三號南向117.1公里,國道公路警察局,國道公路警二隊
國道三號,,國道三號北向116.5公里,國道公路警察局,國道公路警二隊
國道三號,,國道三號南向112.2公里,國道公路警察局,國道公路警二隊
國道三號,,國道三號南向107.4公里,國道公路警察局,國道公路警六隊
國道三號,,國道三號南向81.5公里,國道公路警察局,國道公路警六隊
國道三號,,國道三號南向64.2公里,國道公路警察局,國道公路警六隊
國道三號,,國道三號北向57公里,國道公路警察局,國道公路警六隊
國道三號,,國道三號南向39.3公里,國道公路警察局,國道公路警六隊
國道三號,,國道三號北向38.3公里,國道公路警察局,國道公路警六隊
國道三號,,國道三號北向30.1公里,國道公路警察局,國道公路警九隊
國道三號,,國道三號北向29.1公里,國道公路警察局,國道公路警九隊
國道三號,,國道三號北向25公里,國道公路警察局,國道公路警九隊
國道三號,,國道三號南向21.8公里,國道公路警察局,國道公路警九隊
國道三號,,國道三號北向17.1公里,國道公路警察局,國道公路警九隊
國道三號,,國道三號北向14.5公里,國道公路警察局,國道公路警九隊
國道三號,,國道三號北向10.2公里,國道公路警察局,國道公路警九隊
國道三號,,國道三號南向4.7公里,國道公路警察局,國道公路警九隊
國道四號,,國道四號西向4.4公里,國道公路警察局,國道公路警三隊
國道五號,,國道五號北向5.7公里,國道公路警察局,國道公路警九隊
國道五號,,國道五號南向13.3公里,國道公路警察局,國道公路警九隊
國道五號,,國道五號南向16.9公里(雪山隧道科技執法),國道公路警察局,國道公路警九隊
國道五號,,國道五號北向16.9公里(雪山隧道科技執法),國道公路警察局,國道公路警九隊
國道五號,,國道五號南向18.3公里(雪山隧道科技執法),國道公路警察局,國道公路警九隊
國道五號,,國道五號北向18.3公里(雪山隧道科技執法),國道公路警察局,國道公路警九隊
國道五號,,國道五號南向19.7公里(雪山隧道科技執法),國道公路警察局,國道公路警九隊
國道五號,,國道五號北向19.7公里(雪山隧道科技執法),國道公路警察局,國道公路警九隊
國道五號,,國道五號南向21.1公里(雪山隧道科技執法),國道公路警察局,國道公路警九隊
國道五號,,國道五號北向21.1公里(雪山隧道科技執法),國道公路警察局,國道公路警九隊
國道五號,,國道五號南向22.5公里(雪山隧道科技執法),國道公路警察局,國道公路警九隊
國道五號,,國道五號北向22.5公里(雪山隧道科技執法),國道公路警察局,國道公路警九隊
國道五號,,國道五號南向23.9公里(雪山隧道科技執法),國道公路警察局,國道公路警九隊
國道五號,,國道五號北向23.9公里(雪山隧道科技執法),國道公路警察局,國道公路警九隊
國道五號,,國道五號南向25.3公里(雪山隧道科技執法),國道公路警察局,國道公路警九隊
國道五號,,國道五號北向25.3公里(雪山隧道科技執法),國道公路警察局,國道公路警九隊
國道五號,,國道五號北向34.9公里,國道公路警察局,國道公路警九隊
國道五號,,國道五號南向26.7公里(雪山隧道科技執法),國道公路警察局,國道公路警九隊
國道五號,,國道五號北向26.7公里(雪山隧道科技執法),國道公路警察局,國道公路警九隊
國道五號,,國道五號南向52.7公里,國道公路警察局,國道公路警九隊
國道六號,,國道六號東向12.5公里,國道公路警察局,國道公路警七隊
國道六號,,國道六號西向15.6公里,國道公路警察局,國道公路警七隊
國道六號,,國道六號西向26公里,國道公路警察局,國道公路警七隊
國道六號,,國道六號東向36.5公里,國道公路警察局,國道公路警七隊
國道八號,,國道八號東西向0公里,國道公路警察局,國道公路警四隊
國道八號,,國道八號東向4.2公里,國道公路警察局,國道公路警四隊
國道十號,,國道十號東向14.7公里,國道公路警察局,國道公路警五隊
國道十號,,國道十號西向16.8公里,國道公路警察局,國道公路警五隊
國道3甲,,國道三甲西向1.7公里,國道公路警察局,國道公路警九隊
國道3甲,,國道三甲西向3.4公里,國道公路警察局,國道公路警九隊
台2已線,,台2己線北向1.1公里,國道公路警察局,國道公路警九隊
